,0,1,2,3,4,5
0,2.5e-05,6e-06,5.2e-05,8367885000.0,0.0258069778,2.08876827
1,2.5e-05,7e-06,5.2e-05,8367885000.0,0.0258069778,2.08876827
2,2.5e-05,8e-06,5.2e-05,8367885000.0,0.0258069778,2.08876827
3,2.5e-05,9e-06,5.2e-05,8367885000.0,0.0258069778,2.08876827
4,2.5e-05,6e-06,5.25e-05,8475244000.0,0.0259888984,2.09016068
5,2.5e-05,7e-06,5.25e-05,8475244000.0,0.0259888984,2.09016068
6,2.5e-05,8e-06,5.25e-05,8475244000.0,0.0259888984,2.09016068
7,2.5e-05,9e-06,5.25e-05,8475244000.0,0.0259888984,2.09016068
8,2.5e-05,6e-06,5.3e-05,8580713000.0,0.0261706656,2.09153996
9,2.5e-05,7e-06,5.3e-05,8580713000.0,0.0261706656,2.09153996
10,2.5e-05,8e-06,5.3e-05,8580713000.0,0.0261706656,2.09153996
11,2.5e-05,9e-06,5.3e-05,8580713000.0,0.0261706656,2.09153996
12,2.5e-05,6e-06,5.35e-05,8684262000.0,0.0263522865,2.09290586
13,2.5e-05,7e-06,5.35e-05,8684262000.0,0.0263522865,2.09290586
14,2.5e-05,8e-06,5.35e-05,8684262000.0,0.0263522865,2.09290586
15,2.5e-05,9e-06,5.35e-05,8684262000.0,0.0263522865,2.09290586
16,2.5e-05,6e-06,5.4e-05,8785895000.0,0.0265337728,2.09425779
17,2.5e-05,7e-06,5.4e-05,8785895000.0,0.0265337728,2.09425779
18,2.5e-05,8e-06,5.4e-05,8785895000.0,0.0265337728,2.09425779
19,2.5e-05,9e-06,5.4e-05,8785895000.0,0.0265337728,2.09425779
20,2.5e-05,6e-06,5.45e-05,8885603000.0,0.0267151246,2.09559612
21,2.5e-05,7e-06,5.45e-05,8885603000.0,0.0267151246,2.09559612
22,2.5e-05,8e-06,5.45e-05,8885603000.0,0.0267151246,2.09559612
23,2.5e-05,9e-06,5.45e-05,8885603000.0,0.0267151246,2.09559612
24,2.5e-05,6e-06,5.5e-05,8983436000.0,0.0268963463,2.09692087
25,2.5e-05,7e-06,5.5e-05,8983436000.0,0.0268963463,2.09692087
26,2.5e-05,8e-06,5.5e-05,8983436000.0,0.0268963463,2.09692087
27,2.5e-05,9e-06,5.5e-05,8983436000.0,0.0268963463,2.09692087
28,2.5e-05,6e-06,5.55e-05,9079389000.0,0.0270774355,2.09823259
29,2.5e-05,7e-06,5.55e-05,9079389000.0,0.0270774355,2.09823259
30,2.5e-05,8e-06,5.55e-05,9079389000.0,0.0270774355,2.09823259
31,2.5e-05,9e-06,5.55e-05,9079389000.0,0.0270774355,2.09823259
32,2.55e-05,6e-06,5.2e-05,8634292000.0,0.0264360084,2.09348851
33,2.55e-05,7e-06,5.2e-05,8634292000.0,0.0264360084,2.09348851
34,2.55e-05,8e-06,5.2e-05,8634292000.0,0.0264360084,2.09348851
35,2.55e-05,9e-06,5.2e-05,8634292000.0,0.0264360084,2.09348851
36,2.55e-05,6e-06,5.25e-05,8741377000.0,0.0266237148,2.0948794
37,2.55e-05,7e-06,5.25e-05,8741377000.0,0.0266237148,2.0948794
38,2.55e-05,8e-06,5.25e-05,8741377000.0,0.0266237148,2.0948794
39,2.55e-05,9e-06,5.25e-05,8741377000.0,0.0266237148,2.0948794
40,2.55e-05,6e-06,5.3e-05,8846513000.0,0.0268112664,2.09625706
41,2.55e-05,7e-06,5.3e-05,8846513000.0,0.0268112664,2.09625706
42,2.55e-05,8e-06,5.3e-05,8846513000.0,0.0268112664,2.09625706
43,2.55e-05,9e-06,5.3e-05,8846513000.0,0.0268112664,2.09625706
44,2.55e-05,6e-06,5.35e-05,8949799000.0,0.0269986541,2.09762264
45,2.55e-05,7e-06,5.35e-05,8949799000.0,0.0269986541,2.09762264
46,2.55e-05,8e-06,5.35e-05,8949799000.0,0.0269986541,2.09762264
47,2.55e-05,9e-06,5.35e-05,8949799000.0,0.0269986541,2.09762264
48,2.55e-05,6e-06,5.4e-05,9051045000.0,0.027185925,2.09897261
49,2.55e-05,7e-06,5.4e-05,9051045000.0,0.027185925,2.09897261
50,2.55e-05,8e-06,5.4e-05,9051045000.0,0.027185925,2.09897261
51,2.55e-05,9e-06,5.4e-05,9051045000.0,0.027185925,2.09897261
52,2.55e-05,6e-06,5.45e-05,9150268000.0,0.02737309,2.10030652
53,2.55e-05,7e-06,5.45e-05,9150268000.0,0.02737309,2.10030652
54,2.55e-05,8e-06,5.45e-05,9150268000.0,0.02737309,2.10030652
55,2.55e-05,9e-06,5.45e-05,9150268000.0,0.02737309,2.10030652
56,2.55e-05,6e-06,5.5e-05,9247766000.0,0.0275600738,2.10163084
57,2.55e-05,7e-06,5.5e-05,9247766000.0,0.0275600738,2.10163084
58,2.55e-05,8e-06,5.5e-05,9247766000.0,0.0275600738,2.10163084
59,2.55e-05,9e-06,5.5e-05,9247766000.0,0.0275600738,2.10163084
60,2.55e-05,6e-06,5.55e-05,9343268000.0,0.0277469535,2.1029397
61,2.55e-05,7e-06,5.55e-05,9343268000.0,0.0277469535,2.1029397
62,2.55e-05,8e-06,5.55e-05,9343268000.0,0.0277469535,2.1029397
63,2.55e-05,9e-06,5.55e-05,9343268000.0,0.0277469535,2.1029397
64,2.6e-05,6e-06,5.2e-05,8906186000.0,0.0270946767,2.09827256
65,2.6e-05,7e-06,5.2e-05,8906186000.0,0.0270946767,2.09827256
66,2.6e-05,8e-06,5.2e-05,8906186000.0,0.0270946767,2.09827256
67,2.6e-05,9e-06,5.2e-05,8906186000.0,0.0270946767,2.09827256
68,2.6e-05,6e-06,5.25e-05,9012928000.0,0.0272884397,2.09966251
69,2.6e-05,7e-06,5.25e-05,9012928000.0,0.0272884397,2.09966251
70,2.6e-05,8e-06,5.25e-05,9012928000.0,0.0272884397,2.09966251
71,2.6e-05,9e-06,5.25e-05,9012928000.0,0.0272884397,2.09966251
72,2.6e-05,6e-06,5.3e-05,9117669000.0,0.0274820595,2.10103808
73,2.6e-05,7e-06,5.3e-05,9117669000.0,0.0274820595,2.10103808
74,2.6e-05,8e-06,5.3e-05,9117669000.0,0.0274820595,2.10103808
75,2.6e-05,9e-06,5.3e-05,9117669000.0,0.0274820595,2.10103808
76,2.6e-05,6e-06,5.35e-05,9220418000.0,0.027675533,2.10239956
77,2.6e-05,7e-06,5.35e-05,9220418000.0,0.027675533,2.10239956
78,2.6e-05,8e-06,5.35e-05,9220418000.0,0.027675533,2.10239956
79,2.6e-05,9e-06,5.35e-05,9220418000.0,0.027675533,2.10239956
80,2.6e-05,6e-06,5.4e-05,9321227000.0,0.0278688732,2.10374733
81,2.6e-05,7e-06,5.4e-05,9321227000.0,0.0278688732,2.10374733
82,2.6e-05,8e-06,5.4e-05,9321227000.0,0.0278688732,2.10374733
83,2.6e-05,9e-06,5.4e-05,9321227000.0,0.0278688732,2.10374733
84,2.6e-05,6e-06,5.45e-05,9420111000.0,0.0280620714,2.1050816
85,2.6e-05,7e-06,5.45e-05,9420111000.0,0.0280620714,2.1050816
86,2.6e-05,8e-06,5.45e-05,9420111000.0,0.0280620714,2.1050816
87,2.6e-05,9e-06,5.45e-05,9420111000.0,0.0280620714,2.1050816
88,2.6e-05,6e-06,5.5e-05,9517084000.0,0.0282551302,2.10640267
89,2.6e-05,7e-06,5.5e-05,9517084000.0,0.0282551302,2.10640267
90,2.6e-05,8e-06,5.5e-05,9517084000.0,0.0282551302,2.10640267
91,2.6e-05,9e-06,5.5e-05,9517084000.0,0.0282551302,2.10640267
92,2.6e-05,6e-06,5.55e-05,9612206000.0,0.0284480512,2.1077108
93,2.6e-05,7e-06,5.55e-05,9612206000.0,0.0284480512,2.1077108
94,2.6e-05,8e-06,5.55e-05,9612206000.0,0.0284480512,2.1077108
95,2.6e-05,9e-06,5.55e-05,9612206000.0,0.0284480512,2.1077108
96,2.65e-05,6e-06,5.2e-05,9184378000.0,0.0277870234,2.1031392
97,2.65e-05,7e-06,5.2e-05,9184378000.0,0.0277870234,2.1031392
98,2.65e-05,8e-06,5.2e-05,9184378000.0,0.0277870234,2.1031392
99,2.65e-05,9e-06,5.2e-05,9184378000.0,0.0277870234,2.1031392
100,2.65e-05,6e-06,5.25e-05,9290675000.0,0.0279871718,2.10452707
101,2.65e-05,7e-06,5.25e-05,9290675000.0,0.0279871718,2.10452707
102,2.65e-05,8e-06,5.25e-05,9290675000.0,0.0279871718,2.10452707
103,2.65e-05,9e-06,5.25e-05,9290675000.0,0.0279871718,2.10452707
104,2.65e-05,6e-06,5.3e-05,9394939000.0,0.0281871682,2.10590065
105,2.65e-05,7e-06,5.3e-05,9394939000.0,0.0281871682,2.10590065
106,2.65e-05,8e-06,5.3e-05,9394939000.0,0.0281871682,2.10590065
107,2.65e-05,9e-06,5.3e-05,9394939000.0,0.0281871682,2.10590065
108,2.65e-05,6e-06,5.35e-05,9497220000.0,0.0283870292,2.10726032
109,2.65e-05,7e-06,5.35e-05,9497220000.0,0.0283870292,2.10726032
110,2.65e-05,8e-06,5.35e-05,9497220000.0,0.0283870292,2.10726032
111,2.65e-05,9e-06,5.35e-05,9497220000.0,0.0283870292,2.10726032
112,2.65e-05,6e-06,5.4e-05,9597557000.0,0.0285867422,2.10860631
113,2.65e-05,7e-06,5.4e-05,9597557000.0,0.0285867422,2.10860631
114,2.65e-05,8e-06,5.4e-05,9597557000.0,0.0285867422,2.10860631
115,2.65e-05,9e-06,5.4e-05,9597557000.0,0.0285867422,2.10860631
116,2.65e-05,6e-06,5.45e-05,9695943000.0,0.0287863115,2.10993891
117,2.65e-05,7e-06,5.45e-05,9695943000.0,0.0287863115,2.10993891
118,2.65e-05,8e-06,5.45e-05,9695943000.0,0.0287863115,2.10993891
119,2.65e-05,9e-06,5.45e-05,9695943000.0,0.0287863115,2.10993891
120,2.65e-05,6e-06,5.5e-05,9792439000.0,0.0289857386,2.11125841
121,2.65e-05,7e-06,5.5e-05,9792439000.0,0.0289857386,2.11125841
122,2.65e-05,8e-06,5.5e-05,9792439000.0,0.0289857386,2.11125841
123,2.65e-05,9e-06,5.5e-05,9792439000.0,0.0289857386,2.11125841
124,2.65e-05,6e-06,5.55e-05,9887063000.0,0.0291850247,2.11256507
125,2.65e-05,7e-06,5.55e-05,9887063000.0,0.0291850247,2.11256507
126,2.65e-05,8e-06,5.55e-05,9887063000.0,0.0291850247,2.11256507
127,2.65e-05,9e-06,5.55e-05,9887063000.0,0.0291850247,2.11256507
128,2.7e-05,6e-06,5.2e-05,9469815000.0,0.0285179277,2.10810718
129,2.7e-05,7e-06,5.2e-05,9469815000.0,0.0285179277,2.10810718
130,2.7e-05,8e-06,5.2e-05,9469815000.0,0.0285179277,2.10810718
131,2.7e-05,9e-06,5.2e-05,9469815000.0,0.0285179277,2.10810718
132,2.7e-05,6e-06,5.25e-05,9575561000.0,0.0287248184,2.10949319
133,2.7e-05,7e-06,5.25e-05,9575561000.0,0.0287248184,2.10949319
134,2.7e-05,8e-06,5.25e-05,9575561000.0,0.0287248184,2.10949319
135,2.7e-05,9e-06,5.25e-05,9575561000.0,0.0287248184,2.10949319
136,2.7e-05,6e-06,5.3e-05,9679324000.0,0.0289315605,2.11086506
137,2.7e-05,7e-06,5.3e-05,9679324000.0,0.0289315605,2.11086506
138,2.7e-05,8e-06,5.3e-05,9679324000.0,0.0289315605,2.11086506
139,2.7e-05,9e-06,5.3e-05,9679324000.0,0.0289315605,2.11086506
140,2.7e-05,6e-06,5.35e-05,9781061000.0,0.0291381528,2.11222306
141,2.7e-05,7e-06,5.35e-05,9781061000.0,0.0291381528,2.11222306
142,2.7e-05,8e-06,5.35e-05,9781061000.0,0.0291381528,2.11222306
143,2.7e-05,9e-06,5.35e-05,9781061000.0,0.0291381528,2.11222306
144,2.7e-05,6e-06,5.4e-05,9880869000.0,0.029344596,2.11356749
145,2.7e-05,7e-06,5.4e-05,9880869000.0,0.029344596,2.11356749
146,2.7e-05,8e-06,5.4e-05,9880869000.0,0.029344596,2.11356749
147,2.7e-05,9e-06,5.4e-05,9880869000.0,0.029344596,2.11356749
148,2.7e-05,6e-06,5.45e-05,9978727000.0,0.0295508952,2.11489865
149,2.7e-05,7e-06,5.45e-05,9978727000.0,0.0295508952,2.11489865
150,2.7e-05,8e-06,5.45e-05,9978727000.0,0.0295508952,2.11489865
151,2.7e-05,9e-06,5.45e-05,9978727000.0,0.0295508952,2.11489865
152,2.7e-05,6e-06,5.5e-05,10074690000.0,0.0297570474,2.11621678
153,2.7e-05,7e-06,5.5e-05,10074690000.0,0.0297570474,2.11621678
154,2.7e-05,8e-06,5.5e-05,10074690000.0,0.0297570474,2.11621678
155,2.7e-05,9e-06,5.5e-05,10074690000.0,0.0297570474,2.11621678
156,2.7e-05,6e-06,5.55e-05,10168790000.0,0.029963045,2.1175221
157,2.7e-05,7e-06,5.55e-05,10168790000.0,0.029963045,2.1175221
158,2.7e-05,8e-06,5.55e-05,10168790000.0,0.029963045,2.1175221
159,2.7e-05,9e-06,5.55e-05,10168790000.0,0.029963045,2.1175221
160,2.75e-05,6e-06,5.2e-05,9763582000.0,0.0292932919,2.11319997
161,2.75e-05,7e-06,5.2e-05,9763582000.0,0.0292932919,2.11319997
162,2.75e-05,8e-06,5.2e-05,9763582000.0,0.0292932919,2.11319997
163,2.75e-05,9e-06,5.2e-05,9763582000.0,0.0292932919,2.11319997
164,2.75e-05,6e-06,5.25e-05,9868781000.0,0.0295073292,2.11458504
165,2.75e-05,7e-06,5.25e-05,9868781000.0,0.0295073292,2.11458504
166,2.75e-05,8e-06,5.25e-05,9868781000.0,0.0295073292,2.11458504
167,2.75e-05,9e-06,5.25e-05,9868781000.0,0.0295073292,2.11458504
168,2.75e-05,6e-06,5.3e-05,9971921000.0,0.02972123,2.11595477
169,2.75e-05,7e-06,5.3e-05,9971921000.0,0.02972123,2.11595477
170,2.75e-05,8e-06,5.3e-05,9971921000.0,0.02972123,2.11595477
171,2.75e-05,9e-06,5.3e-05,9971921000.0,0.02972123,2.11595477
172,2.75e-05,6e-06,5.35e-05,10073090000.0,0.0299349699,2.11731134
173,2.75e-05,7e-06,5.35e-05,10073090000.0,0.0299349699,2.11731134
174,2.75e-05,8e-06,5.35e-05,10073090000.0,0.0299349699,2.11731134
175,2.75e-05,9e-06,5.35e-05,10073090000.0,0.0299349699,2.11731134
176,2.75e-05,6e-06,5.4e-05,10172290000.0,0.030148556,2.11865459
177,2.75e-05,7e-06,5.4e-05,10172290000.0,0.030148556,2.11865459
178,2.75e-05,8e-06,5.4e-05,10172290000.0,0.030148556,2.11865459
179,2.75e-05,9e-06,5.4e-05,10172290000.0,0.030148556,2.11865459
180,2.75e-05,6e-06,5.45e-05,10269570000.0,0.0303619964,2.1199843
181,2.75e-05,7e-06,5.45e-05,10269570000.0,0.0303619964,2.1199843
182,2.75e-05,8e-06,5.45e-05,10269570000.0,0.0303619964,2.1199843
183,2.75e-05,9e-06,5.45e-05,10269570000.0,0.0303619964,2.1199843
184,2.75e-05,6e-06,5.5e-05,10364950000.0,0.0305752849,2.12130126
185,2.75e-05,7e-06,5.5e-05,10364950000.0,0.0305752849,2.12130126
186,2.75e-05,8e-06,5.5e-05,10364950000.0,0.0305752849,2.12130126
187,2.75e-05,9e-06,5.5e-05,10364950000.0,0.0305752849,2.12130126
188,2.75e-05,6e-06,5.55e-05,10458500000.0,0.0307884177,2.12260552
189,2.75e-05,7e-06,5.55e-05,10458500000.0,0.0307884177,2.12260552
190,2.75e-05,8e-06,5.55e-05,10458500000.0,0.0307884177,2.12260552
191,2.75e-05,9e-06,5.55e-05,10458500000.0,0.0307884177,2.12260552
192,2.8e-05,6e-06,5.2e-05,10067070000.0,0.03012038,2.1184454
193,2.8e-05,7e-06,5.2e-05,10067070000.0,0.03012038,2.1184454
194,2.8e-05,8e-06,5.2e-05,10067070000.0,0.03012038,2.1184454
195,2.8e-05,9e-06,5.2e-05,10067070000.0,0.03012038,2.1184454
196,2.8e-05,6e-06,5.25e-05,10171600000.0,0.0303420538,2.11982836
197,2.8e-05,7e-06,5.25e-05,10171600000.0,0.0303420538,2.11982836
198,2.8e-05,8e-06,5.25e-05,10171600000.0,0.0303420538,2.11982836
199,2.8e-05,9e-06,5.25e-05,10171600000.0,0.0303420538,2.11982836
200,2.8e-05,6e-06,5.3e-05,10274120000.0,0.0305635781,2.1211974
201,2.8e-05,7e-06,5.3e-05,10274120000.0,0.0305635781,2.1211974
202,2.8e-05,8e-06,5.3e-05,10274120000.0,0.0305635781,2.1211974
203,2.8e-05,9e-06,5.3e-05,10274120000.0,0.0305635781,2.1211974
204,2.8e-05,6e-06,5.35e-05,10374630000.0,0.030784945,2.12255278
205,2.8e-05,7e-06,5.35e-05,10374630000.0,0.030784945,2.12255278
206,2.8e-05,8e-06,5.35e-05,10374630000.0,0.030784945,2.12255278
207,2.8e-05,9e-06,5.35e-05,10374630000.0,0.030784945,2.12255278
208,2.8e-05,6e-06,5.4e-05,10473210000.0,0.0310061559,2.12389476
209,2.8e-05,7e-06,5.4e-05,10473210000.0,0.0310061559,2.12389476
210,2.8e-05,8e-06,5.4e-05,10473210000.0,0.0310061559,2.12389476
211,2.8e-05,9e-06,5.4e-05,10473210000.0,0.0310061559,2.12389476
212,2.8e-05,6e-06,5.45e-05,10560330000.0,0.031227212,2.12522364
213,2.8e-05,7e-06,5.45e-05,10560330000.0,0.031227212,2.12522364
214,2.8e-05,8e-06,5.45e-05,10560330000.0,0.031227212,2.12522364
215,2.8e-05,9e-06,5.45e-05,10560330000.0,0.031227212,2.12522364
216,2.8e-05,6e-06,5.5e-05,10595180000.0,0.0314481154,2.12653968
217,2.8e-05,7e-06,5.5e-05,10595180000.0,0.0314481154,2.12653968
218,2.8e-05,8e-06,5.5e-05,10595180000.0,0.0314481154,2.12653968
219,2.8e-05,9e-06,5.5e-05,10595180000.0,0.0314481154,2.12653968
220,2.8e-05,6e-06,5.55e-05,10627300000.0,0.0316688648,2.12784314
221,2.8e-05,7e-06,5.55e-05,10627300000.0,0.0316688648,2.12784314
222,2.8e-05,8e-06,5.55e-05,10627300000.0,0.0316688648,2.12784314
223,2.8e-05,9e-06,5.55e-05,10627300000.0,0.0316688648,2.12784314
224,2.85e-05,6e-06,5.2e-05,10381990000.0,0.0310082724,2.12387702
225,2.85e-05,7e-06,5.2e-05,10381990000.0,0.0310082724,2.12387702
226,2.85e-05,8e-06,5.2e-05,10381990000.0,0.0310082724,2.12387702
227,2.85e-05,9e-06,5.2e-05,10381990000.0,0.0310082724,2.12387702
228,2.85e-05,6e-06,5.25e-05,10485800000.0,0.031238149,2.12525883
229,2.85e-05,7e-06,5.25e-05,10485800000.0,0.031238149,2.12525883
230,2.85e-05,8e-06,5.25e-05,10485800000.0,0.031238149,2.12525883
231,2.85e-05,9e-06,5.25e-05,10485800000.0,0.031238149,2.12525883
232,2.85e-05,6e-06,5.3e-05,10587590000.0,0.0314678629,2.12662679
233,2.85e-05,7e-06,5.3e-05,10587590000.0,0.0314678629,2.12662679
234,2.85e-05,8e-06,5.3e-05,10587590000.0,0.0314678629,2.12662679
235,2.85e-05,9e-06,5.3e-05,10587590000.0,0.0314678629,2.12662679
236,2.85e-05,6e-06,5.35e-05,10645800000.0,0.0316973996,2.12798109
237,2.85e-05,7e-06,5.35e-05,10645800000.0,0.0316973996,2.12798109
238,2.85e-05,8e-06,5.35e-05,10645800000.0,0.0316973996,2.12798109
239,2.85e-05,9e-06,5.35e-05,10645800000.0,0.0316973996,2.12798109
240,2.85e-05,6e-06,5.4e-05,10682060000.0,0.0319268017,2.12932222
241,2.85e-05,7e-06,5.4e-05,10682060000.0,0.0319268017,2.12932222
242,2.85e-05,8e-06,5.4e-05,10682060000.0,0.0319268017,2.12932222
243,2.85e-05,9e-06,5.4e-05,10682060000.0,0.0319268017,2.12932222
244,2.85e-05,6e-06,5.45e-05,10715570000.0,0.0321560397,2.13065029
245,2.85e-05,7e-06,5.45e-05,10715570000.0,0.0321560397,2.13065029
246,2.85e-05,8e-06,5.45e-05,10715570000.0,0.0321560397,2.13065029
247,2.85e-05,9e-06,5.45e-05,10715570000.0,0.0321560397,2.13065029
248,2.85e-05,6e-06,5.5e-05,10746570000.0,0.032385118,2.1319656
249,2.85e-05,7e-06,5.5e-05,10746570000.0,0.032385118,2.1319656
250,2.85e-05,8e-06,5.5e-05,10746570000.0,0.032385118,2.1319656
251,2.85e-05,9e-06,5.5e-05,10746570000.0,0.032385118,2.1319656
252,2.85e-05,6e-06,5.55e-05,10775290000.0,0.0326140389,2.13326838
253,2.85e-05,7e-06,5.55e-05,10775290000.0,0.0326140389,2.13326838
254,2.85e-05,8e-06,5.55e-05,10775290000.0,0.0326140389,2.13326838
255,2.85e-05,9e-06,5.55e-05,10775290000.0,0.0326140389,2.13326838
256,2.9e-05,6e-06,5.2e-05,10692540000.0,0.0319685141,2.12953613
257,2.9e-05,7e-06,5.2e-05,10692540000.0,0.0319685141,2.12953613
258,2.9e-05,8e-06,5.2e-05,10692540000.0,0.0319685141,2.12953613
259,2.9e-05,9e-06,5.2e-05,10692540000.0,0.0319685141,2.12953613
260,2.9e-05,6e-06,5.25e-05,10733150000.0,0.0322072605,2.13091703
261,2.9e-05,7e-06,5.25e-05,10733150000.0,0.0322072605,2.13091703
262,2.9e-05,8e-06,5.25e-05,10733150000.0,0.0322072605,2.13091703
263,2.9e-05,9e-06,5.25e-05,10733150000.0,0.0322072605,2.13091703
264,2.9e-05,6e-06,5.3e-05,10770730000.0,0.0324458359,2.13228415
265,2.9e-05,7e-06,5.3e-05,10770730000.0,0.0324458359,2.13228415
266,2.9e-05,8e-06,5.3e-05,10770730000.0,0.0324458359,2.13228415
267,2.9e-05,9e-06,5.3e-05,10770730000.0,0.0324458359,2.13228415
268,2.9e-05,6e-06,5.35e-05,10805570000.0,0.032684244,2.13363777
269,2.9e-05,7e-06,5.35e-05,10805570000.0,0.032684244,2.13363777
270,2.9e-05,8e-06,5.35e-05,10805570000.0,0.032684244,2.13363777
271,2.9e-05,9e-06,5.35e-05,10805570000.0,0.032684244,2.13363777
272,2.9e-05,6e-06,5.4e-05,10837920000.0,0.0329224871,2.13497818
273,2.9e-05,7e-06,5.4e-05,10837920000.0,0.0329224871,2.13497818
274,2.9e-05,8e-06,5.4e-05,10837920000.0,0.0329224871,2.13497818
275,2.9e-05,9e-06,5.4e-05,10837920000.0,0.0329224871,2.13497818
276,2.9e-05,6e-06,5.45e-05,10867980000.0,0.0331605666,2.13630564
277,2.9e-05,7e-06,5.45e-05,10867980000.0,0.0331605666,2.13630564
278,2.9e-05,8e-06,5.45e-05,10867980000.0,0.0331605666,2.13630564
279,2.9e-05,9e-06,5.45e-05,10867980000.0,0.0331605666,2.13630564
280,2.9e-05,6e-06,5.5e-05,10895930000.0,0.0333984839,2.13762042
281,2.9e-05,7e-06,5.5e-05,10895930000.0,0.0333984839,2.13762042
282,2.9e-05,8e-06,5.5e-05,10895930000.0,0.0333984839,2.13762042
283,2.9e-05,9e-06,5.5e-05,10895930000.0,0.0333984839,2.13762042
284,2.9e-05,6e-06,5.55e-05,10921900000.0,0.0336362403,2.13892277
285,2.9e-05,7e-06,5.55e-05,10921900000.0,0.0336362403,2.13892277
286,2.9e-05,8e-06,5.55e-05,10921900000.0,0.0336362403,2.13892277
287,2.9e-05,9e-06,5.55e-05,10921900000.0,0.0336362403,2.13892277
288,2.95e-05,6e-06,5.2e-05,10862320000.0,0.0330161325,2.13547489
289,2.95e-05,7e-06,5.2e-05,10862320000.0,0.0330161325,2.13547489
290,2.95e-05,8e-06,5.2e-05,10862320000.0,0.0330161325,2.13547489
291,2.95e-05,9e-06,5.2e-05,10862320000.0,0.0330161325,2.13547489
292,2.95e-05,6e-06,5.25e-05,10898400000.0,0.0332645438,2.13685508
293,2.95e-05,7e-06,5.25e-05,10898400000.0,0.0332645438,2.13685508
294,2.95e-05,8e-06,5.25e-05,10898400000.0,0.0332645438,2.13685508
295,2.95e-05,9e-06,5.25e-05,10898400000.0,0.0332645438,2.13685508
296,2.95e-05,6e-06,5.3e-05,10932020000.0,0.0335127743,2.13822156
297,2.95e-05,7e-06,5.3e-05,10932020000.0,0.0335127743,2.13822156
298,2.95e-05,8e-06,5.3e-05,10932020000.0,0.0335127743,2.13822156
299,2.95e-05,9e-06,5.3e-05,10932020000.0,0.0335127743,2.13822156
300,2.95e-05,6e-06,5.35e-05,10963350000.0,0.0337608481,2.13957468
301,2.95e-05,7e-06,5.35e-05,10963350000.0,0.0337608481,2.13957468
302,2.95e-05,8e-06,5.35e-05,10963350000.0,0.0337608481,2.13957468
303,2.95e-05,9e-06,5.35e-05,10963350000.0,0.0337608481,2.13957468
304,2.95e-05,6e-06,5.4e-05,10992570000.0,0.034008747,2.14091466
305,2.95e-05,7e-06,5.4e-05,10992570000.0,0.034008747,2.14091466
306,2.95e-05,8e-06,5.4e-05,10992570000.0,0.034008747,2.14091466
307,2.95e-05,9e-06,5.4e-05,10992570000.0,0.034008747,2.14091466
308,2.95e-05,6e-06,5.45e-05,11019820000.0,0.0342564761,2.14224178
309,2.95e-05,7e-06,5.45e-05,11019820000.0,0.0342564761,2.14224178
310,2.95e-05,8e-06,5.45e-05,11019820000.0,0.0342564761,2.14224178
311,2.95e-05,9e-06,5.45e-05,11019820000.0,0.0342564761,2.14224178
312,2.95e-05,6e-06,5.5e-05,11045240000.0,0.0345040375,2.14355629
313,2.95e-05,7e-06,5.5e-05,11045240000.0,0.0345040375,2.14355629
314,2.95e-05,8e-06,5.5e-05,11045240000.0,0.0345040375,2.14355629
315,2.95e-05,9e-06,5.5e-05,11045240000.0,0.0345040375,2.14355629
316,2.95e-05,6e-06,5.55e-05,11068950000.0,0.0347514329,2.14485844
317,2.95e-05,7e-06,5.55e-05,11068950000.0,0.0347514329,2.14485844
318,2.95e-05,8e-06,5.55e-05,11068950000.0,0.0347514329,2.14485844
319,2.95e-05,9e-06,5.55e-05,11068950000.0,0.0347514329,2.14485844
320,3e-05,6e-06,5.2e-05,11030240000.0,0.0341710589,2.14176041
321,3e-05,7e-06,5.2e-05,11030240000.0,0.0341710589,2.14176041
322,3e-05,8e-06,5.2e-05,11030240000.0,0.0341710589,2.14176041
323,3e-05,9e-06,5.2e-05,11030240000.0,0.0341710589,2.14176041
324,3e-05,6e-06,5.25e-05,11062770000.0,0.034430109,2.14314009
325,3e-05,7e-06,5.25e-05,11062770000.0,0.034430109,2.14314009
326,3e-05,8e-06,5.25e-05,11062770000.0,0.034430109,2.14314009
327,3e-05,9e-06,5.25e-05,11062770000.0,0.034430109,2.14314009
328,3e-05,6e-06,5.3e-05,11093210000.0,0.0346890228,2.14450635
329,3e-05,7e-06,5.3e-05,11093210000.0,0.0346890228,2.14450635
330,3e-05,8e-06,5.3e-05,11093210000.0,0.0346890228,2.14450635
331,3e-05,9e-06,5.3e-05,11093210000.0,0.0346890228,2.14450635
332,3e-05,6e-06,5.35e-05,11121680000.0,0.0349477371,2.1458592
333,3e-05,7e-06,5.35e-05,11121680000.0,0.0349477371,2.1458592
334,3e-05,8e-06,5.35e-05,11121680000.0,0.0349477371,2.1458592
335,3e-05,9e-06,5.35e-05,11121680000.0,0.0349477371,2.1458592
336,3e-05,6e-06,5.4e-05,11148320000.0,0.0352062748,2.147199
337,3e-05,7e-06,5.4e-05,11148320000.0,0.0352062748,2.147199
338,3e-05,8e-06,5.4e-05,11148320000.0,0.0352062748,2.147199
339,3e-05,9e-06,5.4e-05,11148320000.0,0.0352062748,2.147199
340,3e-05,6e-06,5.45e-05,11173250000.0,0.0354646279,2.14852597
341,3e-05,7e-06,5.45e-05,11173250000.0,0.0354646279,2.14852597
342,3e-05,8e-06,5.45e-05,11173250000.0,0.0354646279,2.14852597
343,3e-05,9e-06,5.45e-05,11173250000.0,0.0354646279,2.14852597
344,3e-05,6e-06,5.5e-05,11196550000.0,0.0357228307,2.1498405
345,3e-05,7e-06,5.5e-05,11196550000.0,0.0357228307,2.1498405
346,3e-05,8e-06,5.5e-05,11196550000.0,0.0357228307,2.1498405
347,3e-05,9e-06,5.5e-05,11196550000.0,0.0357228307,2.1498405
348,3e-05,6e-06,5.55e-05,11218340000.0,0.0359808498,2.1511427
349,3e-05,7e-06,5.55e-05,11218340000.0,0.0359808498,2.1511427
350,3e-05,8e-06,5.55e-05,11218340000.0,0.0359808498,2.1511427
351,3e-05,9e-06,5.55e-05,11218340000.0,0.0359808498,2.1511427
