a ,leafValue( bandwidth((VF("/net3") / VF("/net2")) 3 "low") "b" 620 ),leafValue( bandwidth((VF("/net3") / VF("/net2")) 3 "low") "b" 625.5 ),leafValue( bandwidth((VF("/net3") / VF("/net2")) 3 "low") "b" 631 ),leafValue( bandwidth((VF("/net3") / VF("/net2")) 3 "low") "b" 636.5 ),leafValue( bandwidth((VF("/net3") / VF("/net2")) 3 "low") "b" 642 ),leafValue( bandwidth((VF("/net3") / VF("/net2")) 3 "low") "b" 647.5 ),leafValue( bandwidth((VF("/net3") / VF("/net2")) 3 "low") "b" 653 ),leafValue( bandwidth((VF("/net3") / VF("/net2")) 3 "low") "b" 658.5 ),leafValue( bandwidth((VF("/net3") / VF("/net2")) 3 "low") "b" 664 ),leafValue( bandwidth((VF("/net3") / VF("/net2")) 3 "low") "b" 669.5 ),leafValue( bandwidth((VF("/net3") / VF("/net2")) 3 "low") "b" 675 ),leafValue( bandwidth((VF("/net3") / VF("/net2")) 3 "low") "b" 680.5 ),leafValue( bandwidth((VF("/net3") / VF("/net2")) 3 "low") "b" 686 ),leafValue( bandwidth((VF("/net3") / VF("/net2")) 3 "low") "b" 691.5 ),leafValue( bandwidth((VF("/net3") / VF("/net2")) 3 "low") "b" 697 ),leafValue( bandwidth((VF("/net3") / VF("/net2")) 3 "low") "b" 702.5 ),leafValue( bandwidth((VF("/net3") / VF("/net2")) 3 "low") "b" 708 ),leafValue( bandwidth((VF("/net3") / VF("/net2")) 3 "low") "b" 713.5 ),leafValue( bandwidth((VF("/net3") / VF("/net2")) 3 "low") "b" 719 ),leafValue( bandwidth((VF("/net3") / VF("/net2")) 3 "low") "b" 724.5 ),leafValue( bandwidth((VF("/net3") / VF("/net2")) 3 "low") "b" 730 ),leafValue( bandwidth((VF("/net3") / VF("/net2")) 3 "low") "b" 735.5 ),leafValue( bandwidth((VF("/net3") / VF("/net2")) 3 "low") "b" 741 ),leafValue( bandwidth((VF("/net3") / VF("/net2")) 3 "low") "b" 746.5 ),leafValue( bandwidth((VF("/net3") / VF("/net2")) 3 "low") "b" 752 ),leafValue( bandwidth((VF("/net3") / VF("/net2")) 3 "low") "b" 757.5 ),leafValue( bandwidth((VF("/net3") / VF("/net2")) 3 "low") "b" 763 ),leafValue( bandwidth((VF("/net3") / VF("/net2")) 3 "low") "b" 768.5 ),leafValue( bandwidth((VF("/net3") / VF("/net2")) 3 "low") "b" 774 ),leafValue( bandwidth((VF("/net3") / VF("/net2")) 3 "low") "b" 779.5 ),leafValue( bandwidth((VF("/net3") / VF("/net2")) 3 "low") "b" 785 ),leafValue( bandwidth((VF("/net3") / VF("/net2")) 3 "low") "b" 790.5 ),leafValue( bandwidth((VF("/net3") / VF("/net2")) 3 "low") "b" 796 ),leafValue( bandwidth((VF("/net3") / VF("/net2")) 3 "low") "b" 801.5 ),leafValue( bandwidth((VF("/net3") / VF("/net2")) 3 "low") "b" 807 ),leafValue( bandwidth((VF("/net3") / VF("/net2")) 3 "low") "b" 812.5 ),leafValue( bandwidth((VF("/net3") / VF("/net2")) 3 "low") "b" 818 ),leafValue( bandwidth((VF("/net3") / VF("/net2")) 3 "low") "b" 823.5 ),leafValue( bandwidth((VF("/net3") / VF("/net2")) 3 "low") "b" 829 ),leafValue( bandwidth((VF("/net3") / VF("/net2")) 3 "low") "b" 834.5 ),leafValue( bandwidth((VF("/net3") / VF("/net2")) 3 "low") "b" 840 ),leafValue( bandwidth((VF("/net3") / VF("/net2")) 3 "low") "b" 845.5 ),leafValue( bandwidth((VF("/net3") / VF("/net2")) 3 "low") "b" 851 ),leafValue( bandwidth((VF("/net3") / VF("/net2")) 3 "low") "b" 856.5 ),leafValue( bandwidth((VF("/net3") / VF("/net2")) 3 "low") "b" 862 ),leafValue( bandwidth((VF("/net3") / VF("/net2")) 3 "low") "b" 867.5 ),leafValue( bandwidth((VF("/net3") / VF("/net2")) 3 "low") "b" 873 ),leafValue( bandwidth((VF("/net3") / VF("/net2")) 3 "low") "b" 878.5 ),leafValue( bandwidth((VF("/net3") / VF("/net2")) 3 "low") "b" 884 ),leafValue( bandwidth((VF("/net3") / VF("/net2")) 3 "low") "b" 889.5 ),leafValue( bandwidth((VF("/net3") / VF("/net2")) 3 "low") "b" 895 ),leafValue( bandwidth((VF("/net3") / VF("/net2")) 3 "low") "b" 900.5 ),leafValue( bandwidth((VF("/net3") / VF("/net2")) 3 "low") "b" 906 ),leafValue( bandwidth((VF("/net3") / VF("/net2")) 3 "low") "b" 911.5 ),leafValue( bandwidth((VF("/net3") / VF("/net2")) 3 "low") "b" 917 ),leafValue( bandwidth((VF("/net3") / VF("/net2")) 3 "low") "b" 922.5 ),leafValue( bandwidth((VF("/net3") / VF("/net2")) 3 "low") "b" 928 ),leafValue( bandwidth((VF("/net3") / VF("/net2")) 3 "low") "b" 933.5 ),leafValue( bandwidth((VF("/net3") / VF("/net2")) 3 "low") "b" 939 ),leafValue( bandwidth((VF("/net3") / VF("/net2")) 3 "low") "b" 944.5 ),leafValue( bandwidth((VF("/net3") / VF("/net2")) 3 "low") "b" 950 ),leafValue( bandwidth((VF("/net3") / VF("/net2")) 3 "low") "b" 955.5 ),leafValue( bandwidth((VF("/net3") / VF("/net2")) 3 "low") "b" 961 ),leafValue( bandwidth((VF("/net3") / VF("/net2")) 3 "low") "b" 966.5 ),leafValue( bandwidth((VF("/net3") / VF("/net2")) 3 "low") "b" 972 ),leafValue( bandwidth((VF("/net3") / VF("/net2")) 3 "low") "b" 977.5 ),leafValue( bandwidth((VF("/net3") / VF("/net2")) 3 "low") "b" 983 ),leafValue( bandwidth((VF("/net3") / VF("/net2")) 3 "low") "b" 988.5 ),leafValue( bandwidth((VF("/net3") / VF("/net2")) 3 "low") "b" 994 ),leafValue( bandwidth((VF("/net3") / VF("/net2")) 3 "low") "b" 999.5 ),leafValue( bandwidth((VF("/net3") / VF("/net2")) 3 "low") "b" 1005 ),leafValue( bandwidth((VF("/net3") / VF("/net2")) 3 "low") "b" 1010.5 ),leafValue( bandwidth((VF("/net3") / VF("/net2")) 3 "low") "b" 1016 ),leafValue( bandwidth((VF("/net3") / VF("/net2")) 3 "low") "b" 1021.5 ),leafValue( bandwidth((VF("/net3") / VF("/net2")) 3 "low") "b" 1027 ),leafValue( bandwidth((VF("/net3") / VF("/net2")) 3 "low") "b" 1032.5 ),leafValue( bandwidth((VF("/net3") / VF("/net2")) 3 "low") "b" 1038 ),leafValue( bandwidth((VF("/net3") / VF("/net2")) 3 "low") "b" 1043.5 ),leafValue( bandwidth((VF("/net3") / VF("/net2")) 3 "low") "b" 1049 ),leafValue( bandwidth((VF("/net3") / VF("/net2")) 3 "low") "b" 1054.5 ),leafValue( bandwidth((VF("/net3") / VF("/net2")) 3 "low") "b" 1060 ),leafValue( bandwidth((VF("/net3") / VF("/net2")) 3 "low") "b" 1065.5 ),leafValue( bandwidth((VF("/net3") / VF("/net2")) 3 "low") "b" 1071 ),leafValue( bandwidth((VF("/net3") / VF("/net2")) 3 "low") "b" 1076.5 ),leafValue( bandwidth((VF("/net3") / VF("/net2")) 3 "low") "b" 1082 ),leafValue( bandwidth((VF("/net3") / VF("/net2")) 3 "low") "b" 1087.5 ),leafValue( bandwidth((VF("/net3") / VF("/net2")) 3 "low") "b" 1093 ),leafValue( bandwidth((VF("/net3") / VF("/net2")) 3 "low") "b" 1098.5 ),leafValue( bandwidth((VF("/net3") / VF("/net2")) 3 "low") "b" 1104 ),leafValue( bandwidth((VF("/net3") / VF("/net2")) 3 "low") "b" 1109.5 ),leafValue( bandwidth((VF("/net3") / VF("/net2")) 3 "low") "b" 1115 ),leafValue( bandwidth((VF("/net3") / VF("/net2")) 3 "low") "b" 1120.5 ),leafValue( bandwidth((VF("/net3") / VF("/net2")) 3 "low") "b" 1126 ),leafValue( bandwidth((VF("/net3") / VF("/net2")) 3 "low") "b" 1131.5 ),leafValue( bandwidth((VF("/net3") / VF("/net2")) 3 "low") "b" 1137 ),leafValue( bandwidth((VF("/net3") / VF("/net2")) 3 "low") "b" 1142.5 ),leafValue( bandwidth((VF("/net3") / VF("/net2")) 3 "low") "b" 1148 ),leafValue( bandwidth((VF("/net3") / VF("/net2")) 3 "low") "b" 1153.5 ),leafValue( bandwidth((VF("/net3") / VF("/net2")) 3 "low") "b" 1159 ),leafValue( bandwidth((VF("/net3") / VF("/net2")) 3 "low") "b" 1164.5 ),leafValue( bandwidth((VF("/net3") / VF("/net2")) 3 "low") "b" 1170 ),leafValue( bandwidth((VF("/net3") / VF("/net2")) 3 "low") "b" 1175.5 ),leafValue( bandwidth((VF("/net3") / VF("/net2")) 3 "low") "b" 1181 ),leafValue( bandwidth((VF("/net3") / VF("/net2")) 3 "low") "b" 1186.5 ),leafValue( bandwidth((VF("/net3") / VF("/net2")) 3 "low") "b" 1192 ),leafValue( bandwidth((VF("/net3") / VF("/net2")) 3 "low") "b" 1197.5 ),leafValue( bandwidth((VF("/net3") / VF("/net2")) 3 "low") "b" 1203 ),leafValue( bandwidth((VF("/net3") / VF("/net2")) 3 "low") "b" 1208.5 ),leafValue( bandwidth((VF("/net3") / VF("/net2")) 3 "low") "b" 1214 ),leafValue( bandwidth((VF("/net3") / VF("/net2")) 3 "low") "b" 1219.5 ),a ,leafValue( bandwidth((VF("/net3") / VF("/net2")) 3 "low") "b" 1225 ),leafValue( bandwidth((VF("/net3") / VF("/net2")) 3 "low") "b" 1230.5 ),leafValue( bandwidth((VF("/net3") / VF("/net2")) 3 "low") "b" 1236 ),leafValue( bandwidth((VF("/net3") / VF("/net2")) 3 "low") "b" 1241.5 ),leafValue( bandwidth((VF("/net3") / VF("/net2")) 3 "low") "b" 1247 ),leafValue( bandwidth((VF("/net3") / VF("/net2")) 3 "low") "b" 1252.5 ),a ,leafValue( bandwidth((VF("/net3") / VF("/net2")) 3 "low") "b" 1258 ),leafValue( bandwidth((VF("/net3") / VF("/net2")) 3 "low") "b" 1263.5 ),leafValue( bandwidth((VF("/net3") / VF("/net2")) 3 "low") "b" 1269 ),leafValue( bandwidth((VF("/net3") / VF("/net2")) 3 "low") "b" 1274.5 ),leafValue( bandwidth((VF("/net3") / VF("/net2")) 3 "low") "b" 1280 ),leafValue( bandwidth((VF("/net3") / VF("/net2")) 3 "low") "b" 1285.5 ),a ,leafValue( bandwidth((VF("/net3") / VF("/net2")) 3 "low") "b" 1291 ),leafValue( bandwidth((VF("/net3") / VF("/net2")) 3 "low") "b" 1296.5 ),leafValue( bandwidth((VF("/net3") / VF("/net2")) 3 "low") "b" 1302 ),leafValue( bandwidth((VF("/net3") / VF("/net2")) 3 "low") "b" 1307.5 ),leafValue( bandwidth((VF("/net3") / VF("/net2")) 3 "low") "b" 1313 ),leafValue( bandwidth((VF("/net3") / VF("/net2")) 3 "low") "b" 1318.5 ),leafValue( bandwidth((VF("/net3") / VF("/net2")) 3 "low") "b" 1324 ),a ,leafValue( bandwidth((VF("/net3") / VF("/net2")) 3 "low") "b" 1329.5 ),leafValue( bandwidth((VF("/net3") / VF("/net2")) 3 "low") "b" 1335 ),leafValue( bandwidth((VF("/net3") / VF("/net2")) 3 "low") "b" 1340.5 ),leafValue( bandwidth((VF("/net3") / VF("/net2")) 3 "low") "b" 1346 ),leafValue( bandwidth((VF("/net3") / VF("/net2")) 3 "low") "b" 1351.5 ),leafValue( bandwidth((VF("/net3") / VF("/net2")) 3 "low") "b" 1357 ),leafValue( bandwidth((VF("/net3") / VF("/net2")) 3 "low") "b" 1362.5 ),a ,leafValue( bandwidth((VF("/net3") / VF("/net2")) 3 "low") "b" 1368 ),leafValue( bandwidth((VF("/net3") / VF("/net2")) 3 "low") "b" 1373.5 ),leafValue( bandwidth((VF("/net3") / VF("/net2")) 3 "low") "b" 1379 ),leafValue( bandwidth((VF("/net3") / VF("/net2")) 3 "low") "b" 1384.5 ),leafValue( bandwidth((VF("/net3") / VF("/net2")) 3 "low") "b" 1390 ),leafValue( bandwidth((VF("/net3") / VF("/net2")) 3 "low") "b" 1395.5 ),leafValue( bandwidth((VF("/net3") / VF("/net2")) 3 "low") "b" 1401 ),leafValue( bandwidth((VF("/net3") / VF("/net2")) 3 "low") "b" 1406.5 ),a ,leafValue( bandwidth((VF("/net3") / VF("/net2")) 3 "low") "b" 1412 ),leafValue( bandwidth((VF("/net3") / VF("/net2")) 3 "low") "b" 1417.5 ),leafValue( bandwidth((VF("/net3") / VF("/net2")) 3 "low") "b" 1423 ),leafValue( bandwidth((VF("/net3") / VF("/net2")) 3 "low") "b" 1428.5 ),leafValue( bandwidth((VF("/net3") / VF("/net2")) 3 "low") "b" 1434 ),leafValue( bandwidth((VF("/net3") / VF("/net2")) 3 "low") "b" 1439.5 ),leafValue( bandwidth((VF("/net3") / VF("/net2")) 3 "low") "b" 1445 )
2.880E-6,82.78E9,81.96E9,81.15E9,80.35E9,79.57E9,78.79E9,78.03E9,77.28E9,76.54E9,75.81E9,75.13E9,74.47E9,73.81E9,73.17E9,72.53E9,71.90E9,71.28E9,70.67E9,70.07E9,69.47E9,68.90E9,68.35E9,67.82E9,67.29E9,66.76E9,66.24E9,65.73E9,65.23E9,64.73E9,64.24E9,63.75E9,63.27E9,62.81E9,62.37E9,61.93E9,61.50E9,61.07E9,60.65E9,60.24E9,59.82E9,59.42E9,59.02E9,58.62E9,58.22E9,57.83E9,57.45E9,57.09E9,56.74E9,56.39E9,56.04E9,55.70E9,55.36E9,55.02E9,54.69E9,54.36E9,54.03E9,53.71E9,53.39E9,53.07E9,52.76E9,52.45E9,52.16E9,51.87E9,51.59E9,51.31E9,51.03E9,50.75E9,50.48E9,50.21E9,49.94E9,49.68E9,49.42E9,49.16E9,48.90E9,48.64E9,48.39E9,48.14E9,47.89E9,47.66E9,47.43E9,47.20E9,46.97E9,46.75E9,46.53E9,46.31E9,46.09E9,45.88E9,45.66E9,45.45E9,45.24E9,45.03E9,44.83E9,44.62E9,44.42E9,44.22E9,44.02E9,43.83E9,43.63E9,43.45E9,43.27E9,43.09E9,42.91E9,42.73E9,42.56E9,42.39E9,42.22E9,42.05E9,41.88E9,41.71E9,41.55E9,2.880E-6,41.38E9,41.22E9,41.06E9,40.90E9,40.74E9,40.58E9,2.880E-6,40.43E9,40.28E9,40.12E9,39.97E9,39.82E9,39.68E9,2.880E-6,39.54E9,39.40E9,39.27E9,39.13E9,39.00E9,38.87E9,38.74E9,2.880E-6,38.61E9,38.48E9,38.35E9,38.23E9,38.10E9,37.98E9,37.86E9,2.880E-6,37.74E9,37.62E9,37.50E9,37.38E9,37.27E9,37.15E9,37.04E9,36.93E9,2.880E-6,36.82E9,36.71E9,36.60E9,36.50E9,36.39E9,36.29E9,36.19E9
3.068E-6,76.99E9,76.20E9,75.45E9,74.74E9,74.04E9,73.35E9,72.67E9,72.00E9,71.34E9,70.69E9,70.04E9,69.41E9,68.81E9,68.23E9,67.66E9,67.09E9,66.54E9,65.99E9,65.45E9,64.92E9,64.39E9,63.87E9,63.35E9,62.86E9,62.39E9,61.93E9,61.47E9,61.01E9,60.57E9,60.12E9,59.69E9,59.26E9,58.83E9,58.41E9,57.99E9,57.58E9,57.19E9,56.81E9,56.44E9,56.07E9,55.70E9,55.34E9,54.98E9,54.63E9,54.28E9,53.93E9,53.59E9,53.25E9,52.91E9,52.58E9,52.27E9,51.96E9,51.66E9,51.36E9,51.06E9,50.77E9,50.47E9,50.19E9,49.90E9,49.62E9,49.34E9,49.07E9,48.79E9,48.52E9,48.26E9,47.99E9,47.73E9,47.49E9,47.25E9,47.00E9,46.77E9,46.53E9,46.30E9,46.07E9,45.84E9,45.61E9,45.38E9,45.16E9,44.94E9,44.72E9,44.51E9,44.30E9,44.08E9,43.87E9,43.67E9,43.47E9,43.28E9,43.09E9,42.90E9,42.71E9,42.52E9,42.34E9,42.16E9,41.98E9,41.80E9,41.62E9,41.45E9,41.27E9,41.10E9,40.93E9,40.76E9,40.60E9,40.43E9,40.27E9,40.11E9,39.95E9,39.79E9,39.64E9,39.49E9,39.35E9,3.068E-6,39.20E9,39.06E9,38.92E9,38.78E9,38.64E9,38.50E9,3.068E-6,38.37E9,38.23E9,38.10E9,37.97E9,37.84E9,37.71E9,3.068E-6,37.59E9,37.46E9,37.34E9,37.22E9,37.10E9,36.98E9,36.86E9,3.068E-6,36.74E9,36.63E9,36.51E9,36.40E9,36.29E9,36.19E9,36.09E9,3.068E-6,35.99E9,35.89E9,35.79E9,35.70E9,35.60E9,35.51E9,35.42E9,35.33E9,3.068E-6,35.24E9,35.16E9,35.07E9,34.99E9,34.91E9,34.83E9,34.75E9
3.255E-6,72.02E9,71.32E9,70.62E9,69.94E9,69.27E9,68.64E9,68.03E9,67.43E9,66.84E9,66.25E9,65.67E9,65.10E9,64.54E9,63.99E9,63.44E9,62.91E9,62.41E9,61.92E9,61.43E9,60.95E9,60.48E9,60.01E9,59.55E9,59.09E9,58.64E9,58.20E9,57.76E9,57.34E9,56.93E9,56.53E9,56.14E9,55.75E9,55.36E9,54.98E9,54.61E9,54.24E9,53.87E9,53.51E9,53.15E9,52.79E9,52.45E9,52.12E9,51.79E9,51.48E9,51.16E9,50.85E9,50.54E9,50.23E9,49.93E9,49.63E9,49.34E9,49.04E9,48.75E9,48.47E9,48.18E9,47.90E9,47.64E9,47.38E9,47.12E9,46.87E9,46.62E9,46.37E9,46.12E9,45.88E9,45.64E9,45.40E9,45.16E9,44.93E9,44.70E9,44.47E9,44.24E9,44.02E9,43.80E9,43.58E9,43.38E9,43.17E9,42.97E9,42.77E9,42.57E9,42.38E9,42.18E9,41.99E9,41.80E9,41.62E9,41.43E9,41.25E9,41.06E9,40.88E9,40.71E9,40.53E9,40.36E9,40.18E9,40.01E9,39.84E9,39.68E9,39.53E9,39.37E9,39.22E9,39.06E9,38.92E9,38.77E9,38.62E9,38.48E9,38.33E9,38.19E9,38.05E9,37.91E9,37.78E9,37.64E9,37.51E9,3.255E-6,37.38E9,37.25E9,37.12E9,36.99E9,36.87E9,36.74E9,3.255E-6,36.62E9,36.50E9,36.38E9,36.27E9,36.16E9,36.05E9,3.255E-6,35.95E9,35.84E9,35.74E9,35.64E9,35.54E9,35.45E9,35.35E9,3.255E-6,35.26E9,35.17E9,35.08E9,34.99E9,34.90E9,34.82E9,34.73E9,3.255E-6,34.65E9,34.58E9,34.50E9,34.42E9,34.35E9,34.28E9,34.21E9,34.15E9,3.255E-6,34.08E9,34.02E9,33.96E9,33.90E9,33.85E9,33.80E9,33.74E9
3.443E-6,67.67E9,67.04E9,66.41E9,65.80E9,65.20E9,64.60E9,64.02E9,63.44E9,62.88E9,62.35E9,61.83E9,61.32E9,60.81E9,60.31E9,59.82E9,59.33E9,58.86E9,58.38E9,57.91E9,57.46E9,57.03E9,56.61E9,56.19E9,55.78E9,55.37E9,54.97E9,54.57E9,54.18E9,53.79E9,53.41E9,53.03E9,52.66E9,52.30E9,51.95E9,51.61E9,51.28E9,50.95E9,50.62E9,50.29E9,49.97E9,49.66E9,49.34E9,49.03E9,48.73E9,48.43E9,48.13E9,47.83E9,47.55E9,47.28E9,47.01E9,46.74E9,46.48E9,46.22E9,45.96E9,45.70E9,45.45E9,45.20E9,44.96E9,44.71E9,44.47E9,44.23E9,43.99E9,43.76E9,43.53E9,43.31E9,43.10E9,42.89E9,42.68E9,42.47E9,42.26E9,42.06E9,41.86E9,41.66E9,41.46E9,41.27E9,41.08E9,40.89E9,40.70E9,40.51E9,40.33E9,40.14E9,39.96E9,39.79E9,39.62E9,39.45E9,39.29E9,39.13E9,38.97E9,38.81E9,38.66E9,38.50E9,38.35E9,38.20E9,38.05E9,37.91E9,37.76E9,37.62E9,37.48E9,37.34E9,37.21E9,37.07E9,36.94E9,36.81E9,36.68E9,36.55E9,36.42E9,36.30E9,36.18E9,36.07E9,35.96E9,3.443E-6,35.85E9,35.74E9,35.63E9,35.53E9,35.43E9,35.33E9,3.443E-6,35.23E9,35.13E9,35.04E9,34.94E9,34.85E9,34.77E9,3.443E-6,34.68E9,34.60E9,34.51E9,34.44E9,34.36E9,34.28E9,34.21E9,3.443E-6,34.14E9,34.07E9,34.01E9,33.94E9,33.88E9,33.83E9,33.77E9,3.443E-6,33.72E9,33.67E9,33.62E9,33.58E9,33.54E9,33.50E9,33.46E9,33.43E9,3.443E-6,33.40E9,33.38E9,33.36E9,33.34E9,33.32E9,33.31E9,33.30E9
3.630E-6,63.86E9,63.25E9,62.68E9,62.12E9,61.58E9,61.04E9,60.51E9,59.99E9,59.47E9,58.97E9,58.47E9,57.97E9,57.49E9,57.03E9,56.59E9,56.15E9,55.71E9,55.29E9,54.86E9,54.45E9,54.03E9,53.63E9,53.23E9,52.83E9,52.44E9,52.08E9,51.71E9,51.36E9,51.01E9,50.66E9,50.32E9,49.98E9,49.65E9,49.32E9,48.99E9,48.67E9,48.35E9,48.04E9,47.73E9,47.44E9,47.15E9,46.87E9,46.59E9,46.31E9,46.04E9,45.77E9,45.50E9,45.24E9,44.98E9,44.72E9,44.47E9,44.21E9,43.96E9,43.72E9,43.48E9,43.25E9,43.03E9,42.80E9,42.58E9,42.36E9,42.15E9,41.93E9,41.72E9,41.52E9,41.31E9,41.11E9,40.91E9,40.71E9,40.51E9,40.32E9,40.12E9,39.93E9,39.75E9,39.57E9,39.40E9,39.23E9,39.06E9,38.89E9,38.73E9,38.56E9,38.40E9,38.24E9,38.09E9,37.93E9,37.78E9,37.63E9,37.48E9,37.33E9,37.19E9,37.05E9,36.91E9,36.77E9,36.63E9,36.50E9,36.37E9,36.24E9,36.12E9,36.00E9,35.88E9,35.77E9,35.66E9,35.55E9,35.44E9,35.33E9,35.23E9,35.12E9,35.02E9,34.93E9,34.83E9,34.74E9,3.630E-6,34.65E9,34.56E9,34.48E9,34.39E9,34.31E9,34.24E9,3.630E-6,34.16E9,34.09E9,34.02E9,33.95E9,33.89E9,33.82E9,3.630E-6,33.77E9,33.71E9,33.66E9,33.61E9,33.56E9,33.52E9,33.48E9,3.630E-6,33.44E9,33.41E9,33.38E9,33.35E9,33.33E9,33.31E9,33.30E9,3.630E-6,33.29E9,33.28E9,33.28E9,33.28E9,33.29E9,33.30E9,33.31E9,33.33E9,3.630E-6,33.36E9,33.39E9,33.42E9,33.46E9,33.51E9,33.56E9,33.61E9
3.818E-6,60.52E9,59.97E9,59.43E9,58.90E9,58.37E9,57.86E9,57.36E9,56.88E9,56.41E9,55.95E9,55.50E9,55.05E9,54.61E9,54.18E9,53.75E9,53.32E9,52.90E9,52.49E9,52.11E9,51.73E9,51.35E9,50.98E9,50.62E9,50.26E9,49.90E9,49.55E9,49.21E9,48.87E9,48.53E9,48.19E9,47.87E9,47.56E9,47.25E9,46.95E9,46.66E9,46.37E9,46.08E9,45.80E9,45.51E9,45.24E9,44.96E9,44.69E9,44.42E9,44.16E9,43.89E9,43.63E9,43.39E9,43.15E9,42.92E9,42.68E9,42.45E9,42.22E9,42.00E9,41.78E9,41.56E9,41.34E9,41.12E9,40.91E9,40.70E9,40.50E9,40.29E9,40.09E9,39.89E9,39.70E9,39.52E9,39.33E9,39.15E9,38.98E9,38.80E9,38.63E9,38.46E9,38.29E9,38.13E9,37.96E9,37.80E9,37.64E9,37.49E9,37.33E9,37.18E9,37.03E9,36.88E9,36.74E9,36.59E9,36.45E9,36.32E9,36.19E9,36.06E9,35.93E9,35.81E9,35.69E9,35.58E9,35.46E9,35.35E9,35.24E9,35.13E9,35.02E9,34.92E9,34.82E9,34.72E9,34.63E9,34.54E9,34.45E9,34.36E9,34.28E9,34.20E9,34.12E9,34.04E9,33.97E9,33.90E9,33.83E9,3.818E-6,33.77E9,33.71E9,33.65E9,33.60E9,33.55E9,33.51E9,3.818E-6,33.46E9,33.42E9,33.39E9,33.36E9,33.33E9,33.31E9,3.818E-6,33.29E9,33.28E9,33.27E9,33.26E9,33.26E9,33.26E9,33.27E9,3.818E-6,33.28E9,33.30E9,33.33E9,33.36E9,33.39E9,33.44E9,33.48E9,3.818E-6,33.54E9,33.60E9,33.67E9,33.71E9,33.79E9,33.87E9,33.96E9,34.05E9,3.818E-6,34.15E9,34.26E9,34.37E9,34.49E9,34.62E9,34.75E9,34.89E9
4.005E-6,57.50E9,56.99E9,56.50E9,56.02E9,55.54E9,55.07E9,54.61E9,54.15E9,53.70E9,53.26E9,52.82E9,52.39E9,51.99E9,51.59E9,51.20E9,50.81E9,50.43E9,50.06E9,49.69E9,49.33E9,48.96E9,48.61E9,48.26E9,47.91E9,47.59E9,47.27E9,46.96E9,46.64E9,46.34E9,46.04E9,45.74E9,45.44E9,45.15E9,44.86E9,44.58E9,44.30E9,44.02E9,43.75E9,43.49E9,43.23E9,42.98E9,42.74E9,42.50E9,42.26E9,42.02E9,41.78E9,41.55E9,41.33E9,41.10E9,40.88E9,40.66E9,40.44E9,40.23E9,40.02E9,39.81E9,39.61E9,39.42E9,39.23E9,39.04E9,38.86E9,38.68E9,38.50E9,38.32E9,38.15E9,37.97E9,37.81E9,37.64E9,37.47E9,37.31E9,37.15E9,37.00E9,36.84E9,36.69E9,36.54E9,36.39E9,36.25E9,36.12E9,35.98E9,35.86E9,35.73E9,35.60E9,35.48E9,35.36E9,35.25E9,35.13E9,35.02E9,34.91E9,34.81E9,34.71E9,34.61E9,34.51E9,34.42E9,34.32E9,34.24E9,34.15E9,34.07E9,33.99E9,33.92E9,33.85E9,33.78E9,33.71E9,33.65E9,33.60E9,33.54E9,33.49E9,33.45E9,33.41E9,33.37E9,33.34E9,33.31E9,4.005E-6,33.28E9,33.26E9,33.25E9,33.24E9,33.23E9,33.23E9,4.005E-6,33.24E9,33.25E9,33.27E9,33.29E9,33.32E9,33.36E9,4.005E-6,33.40E9,33.45E9,33.48E9,33.54E9,33.60E9,33.67E9,33.75E9,4.005E-6,33.84E9,33.93E9,34.02E9,34.13E9,34.24E9,34.36E9,34.49E9,4.005E-6,34.62E9,34.76E9,34.91E9,35.07E9,35.23E9,35.40E9,35.58E9,35.77E9,4.005E-6,35.97E9,36.17E9,36.38E9,36.61E9,36.85E9,37.09E9,37.35E9
4.193E-6,54.85E9,54.37E9,53.89E9,53.43E9,52.96E9,52.51E9,52.08E9,51.67E9,51.26E9,50.85E9,50.45E9,50.06E9,49.67E9,49.29E9,48.92E9,48.54E9,48.18E9,47.82E9,47.48E9,47.15E9,46.82E9,46.50E9,46.18E9,45.86E9,45.55E9,45.25E9,44.95E9,44.65E9,44.35E9,44.06E9,43.77E9,43.50E9,43.23E9,42.97E9,42.71E9,42.46E9,42.21E9,41.96E9,41.72E9,41.48E9,41.24E9,41.00E9,40.77E9,40.54E9,40.32E9,40.09E9,39.88E9,39.67E9,39.46E9,39.26E9,39.07E9,38.87E9,38.68E9,38.49E9,38.31E9,38.13E9,37.95E9,37.77E9,37.59E9,37.42E9,37.25E9,37.09E9,36.92E9,36.76E9,36.60E9,36.45E9,36.30E9,36.15E9,36.02E9,35.88E9,35.74E9,35.61E9,35.49E9,35.36E9,35.24E9,35.12E9,35.00E9,34.89E9,34.78E9,34.67E9,34.57E9,34.47E9,34.37E9,34.27E9,34.18E9,34.09E9,34.01E9,33.93E9,33.85E9,33.78E9,33.71E9,33.64E9,33.58E9,33.53E9,33.47E9,33.42E9,33.38E9,33.34E9,33.30E9,33.27E9,33.25E9,33.23E9,33.21E9,33.20E9,33.20E9,33.20E9,33.21E9,33.23E9,33.25E9,33.28E9,4.193E-6,33.31E9,33.33E9,33.38E9,33.43E9,33.49E9,33.55E9,4.193E-6,33.62E9,33.70E9,33.79E9,33.88E9,33.98E9,34.09E9,4.193E-6,34.21E9,34.34E9,34.47E9,34.61E9,34.76E9,34.92E9,35.08E9,4.193E-6,35.26E9,35.44E9,35.63E9,35.83E9,36.04E9,36.26E9,36.49E9,4.193E-6,36.74E9,36.99E9,37.25E9,37.53E9,37.80E9,38.09E9,38.39E9,38.69E9,4.193E-6,39.00E9,39.32E9,39.65E9,39.93E9,40.28E9,40.64E9,41.00E9
4.380E-6,52.40E9,51.96E9,51.53E9,51.10E9,50.68E9,50.26E9,49.86E9,49.45E9,49.06E9,48.67E9,48.28E9,47.91E9,47.55E9,47.20E9,46.86E9,46.52E9,46.18E9,45.85E9,45.53E9,45.21E9,44.89E9,44.58E9,44.27E9,43.97E9,43.67E9,43.39E9,43.12E9,42.84E9,42.58E9,42.31E9,42.05E9,41.80E9,41.54E9,41.29E9,41.05E9,40.80E9,40.56E9,40.33E9,40.09E9,39.86E9,39.65E9,39.43E9,39.23E9,39.02E9,38.82E9,38.62E9,38.42E9,38.23E9,38.04E9,37.85E9,37.67E9,37.49E9,37.31E9,37.13E9,36.96E9,36.79E9,36.63E9,36.46E9,36.30E9,36.15E9,36.01E9,35.86E9,35.72E9,35.59E9,35.45E9,35.32E9,35.19E9,35.07E9,34.95E9,34.83E9,34.72E9,34.60E9,34.50E9,34.39E9,34.29E9,34.19E9,34.10E9,34.01E9,33.93E9,33.84E9,33.77E9,33.69E9,33.62E9,33.56E9,33.50E9,33.44E9,33.39E9,33.34E9,33.30E9,33.27E9,33.23E9,33.21E9,33.19E9,33.18E9,33.17E9,33.17E9,33.17E9,33.19E9,33.20E9,33.21E9,33.24E9,33.28E9,33.32E9,33.37E9,33.43E9,33.50E9,33.57E9,33.65E9,33.74E9,33.84E9,4.380E-6,33.95E9,34.06E9,34.18E9,34.31E9,34.46E9,34.60E9,4.380E-6,34.76E9,34.93E9,35.11E9,35.29E9,35.49E9,35.69E9,4.380E-6,35.90E9,36.13E9,36.36E9,36.61E9,36.88E9,37.15E9,37.43E9,4.380E-6,37.72E9,38.02E9,38.33E9,38.65E9,38.97E9,39.25E9,39.59E9,4.380E-6,39.94E9,40.30E9,40.68E9,41.06E9,41.45E9,41.84E9,42.24E9,42.65E9,4.380E-6,43.06E9,43.48E9,43.91E9,44.37E9,44.82E9,45.28E9,45.75E9
4.568E-6,50.24E9,49.82E9,49.40E9,48.99E9,48.58E9,48.18E9,47.79E9,47.42E9,47.06E9,46.70E9,46.35E9,46.01E9,45.66E9,45.33E9,45.00E9,44.67E9,44.35E9,44.03E9,43.72E9,43.42E9,43.13E9,42.85E9,42.57E9,42.29E9,42.02E9,41.75E9,41.49E9,41.23E9,40.97E9,40.72E9,40.47E9,40.23E9,39.98E9,39.75E9,39.53E9,39.31E9,39.09E9,38.88E9,38.67E9,38.46E9,38.26E9,38.06E9,37.87E9,37.67E9,37.48E9,37.30E9,37.11E9,36.93E9,36.76E9,36.58E9,36.41E9,36.25E9,36.09E9,35.94E9,35.79E9,35.65E9,35.51E9,35.37E9,35.23E9,35.10E9,34.97E9,34.85E9,34.73E9,34.61E9,34.50E9,34.39E9,34.28E9,34.18E9,34.08E9,33.98E9,33.89E9,33.81E9,33.73E9,33.65E9,33.58E9,33.51E9,33.45E9,33.39E9,33.34E9,33.29E9,33.25E9,33.21E9,33.18E9,33.16E9,33.14E9,33.13E9,33.13E9,33.13E9,33.13E9,33.14E9,33.16E9,33.19E9,33.23E9,33.27E9,33.32E9,33.38E9,33.45E9,33.53E9,33.61E9,33.71E9,33.81E9,33.92E9,34.04E9,34.17E9,34.31E9,34.46E9,34.62E9,34.79E9,34.97E9,35.16E9,4.568E-6,35.36E9,35.57E9,35.78E9,36.01E9,36.25E9,36.51E9,4.568E-6,36.78E9,37.07E9,37.36E9,37.66E9,37.98E9,38.30E9,4.568E-6,38.63E9,38.91E9,39.26E9,39.61E9,39.97E9,40.36E9,40.75E9,4.568E-6,41.15E9,41.56E9,41.97E9,42.39E9,42.82E9,43.25E9,43.69E9,4.568E-6,44.16E9,44.63E9,45.11E9,45.59E9,46.08E9,46.57E9,47.06E9,47.56E9,4.568E-6,48.07E9,48.61E9,49.15E9,49.70E9,50.24E9,50.79E9,51.34E9
4.755E-6,48.23E9,47.82E9,47.44E9,47.06E9,46.69E9,46.32E9,45.96E9,45.61E9,45.26E9,44.91E9,44.57E9,44.24E9,43.91E9,43.59E9,43.28E9,42.99E9,42.69E9,42.40E9,42.12E9,41.84E9,41.56E9,41.29E9,41.02E9,40.76E9,40.50E9,40.24E9,39.99E9,39.74E9,39.51E9,39.28E9,39.06E9,38.83E9,38.62E9,38.40E9,38.19E9,37.99E9,37.78E9,37.58E9,37.39E9,37.19E9,37.00E9,36.82E9,36.64E9,36.46E9,36.28E9,36.12E9,35.96E9,35.80E9,35.65E9,35.50E9,35.36E9,35.22E9,35.08E9,34.94E9,34.81E9,34.69E9,34.57E9,34.45E9,34.33E9,34.22E9,34.12E9,34.01E9,33.92E9,33.82E9,33.74E9,33.65E9,33.58E9,33.50E9,33.43E9,33.37E9,33.31E9,33.26E9,33.22E9,33.18E9,33.15E9,33.12E9,33.10E9,33.09E9,33.07E9,33.07E9,33.08E9,33.09E9,33.12E9,33.15E9,33.18E9,33.23E9,33.29E9,33.35E9,33.42E9,33.51E9,33.60E9,33.70E9,33.81E9,33.93E9,34.06E9,34.20E9,34.35E9,34.52E9,34.69E9,34.87E9,35.06E9,35.27E9,35.48E9,35.71E9,35.95E9,36.19E9,36.46E9,36.75E9,37.04E9,37.35E9,4.755E-6,37.67E9,37.99E9,38.28E9,38.62E9,38.97E9,39.33E9,4.755E-6,39.70E9,40.09E9,40.49E9,40.90E9,41.32E9,41.75E9,4.755E-6,42.19E9,42.63E9,43.07E9,43.53E9,44.01E9,44.50E9,45.00E9,4.755E-6,45.50E9,46.00E9,46.51E9,47.03E9,47.54E9,48.08E9,48.64E9,4.755E-6,49.20E9,49.77E9,50.34E9,50.91E9,51.48E9,52.06E9,52.65E9,53.27E9,4.755E-6,53.89E9,54.52E9,55.15E9,55.78E9,56.41E9,57.05E9,57.70E9
4.943E-6,46.43E9,46.05E9,45.68E9,45.32E9,44.96E9,44.60E9,44.25E9,43.91E9,43.58E9,43.26E9,42.95E9,42.65E9,42.35E9,42.05E9,41.76E9,41.47E9,41.19E9,40.91E9,40.64E9,40.37E9,40.10E9,39.84E9,39.60E9,39.36E9,39.12E9,38.89E9,38.66E9,38.44E9,38.22E9,38.00E9,37.79E9,37.58E9,37.38E9,37.18E9,36.98E9,36.78E9,36.59E9,36.41E9,36.23E9,36.06E9,35.90E9,35.73E9,35.58E9,35.42E9,35.27E9,35.13E9,34.98E9,34.85E9,34.71E9,34.58E9,34.46E9,34.34E9,34.22E9,34.11E9,34.00E9,33.90E9,33.80E9,33.71E9,33.62E9,33.54E9,33.46E9,33.39E9,33.33E9,33.27E9,33.21E9,33.17E9,33.13E9,33.10E9,33.07E9,33.04E9,33.03E9,33.02E9,33.03E9,33.04E9,33.05E9,33.08E9,33.11E9,33.15E9,33.21E9,33.27E9,33.34E9,33.43E9,33.52E9,33.62E9,33.73E9,33.86E9,33.99E9,34.14E9,34.29E9,34.46E9,34.64E9,34.83E9,35.03E9,35.24E9,35.47E9,35.71E9,35.96E9,36.22E9,36.50E9,36.80E9,37.11E9,37.44E9,37.77E9,38.06E9,38.41E9,38.77E9,39.14E9,39.52E9,39.91E9,40.33E9,4.943E-6,40.76E9,41.19E9,41.63E9,42.08E9,42.54E9,43.01E9,4.943E-6,43.48E9,43.97E9,44.48E9,45.00E9,45.52E9,46.05E9,4.943E-6,46.58E9,47.11E9,47.65E9,48.22E9,48.80E9,49.39E9,49.97E9,4.943E-6,50.57E9,51.16E9,51.76E9,52.36E9,52.99E9,53.64E9,54.29E9,4.943E-6,54.95E9,55.60E9,56.26E9,56.92E9,57.58E9,58.30E9,59.02E9,59.74E9,4.943E-6,60.47E9,61.05E9,61.77E9,62.49E9,63.23E9,64.02E9,64.81E9
5.130E-6,44.76E9,44.40E9,44.04E9,43.68E9,43.35E9,43.03E9,42.71E9,42.40E9,42.09E9,41.78E9,41.48E9,41.19E9,40.90E9,40.62E9,40.34E9,40.06E9,39.79E9,39.54E9,39.29E9,39.05E9,38.81E9,38.57E9,38.34E9,38.11E9,37.89E9,37.67E9,37.46E9,37.24E9,37.04E9,36.83E9,36.64E9,36.44E9,36.25E9,36.08E9,35.90E9,35.73E9,35.57E9,35.41E9,35.25E9,35.10E9,34.95E9,34.81E9,34.67E9,34.53E9,34.40E9,34.28E9,34.16E9,34.04E9,33.93E9,33.83E9,33.72E9,33.63E9,33.54E9,33.46E9,33.38E9,33.31E9,33.24E9,33.19E9,33.14E9,33.09E9,33.05E9,33.02E9,32.99E9,32.98E9,32.97E9,32.97E9,32.98E9,33.00E9,33.02E9,33.05E9,33.10E9,33.15E9,33.22E9,33.29E9,33.38E9,33.48E9,33.58E9,33.70E9,33.83E9,33.98E9,34.13E9,34.30E9,34.47E9,34.67E9,34.87E9,35.08E9,35.31E9,35.55E9,35.81E9,36.07E9,36.36E9,36.67E9,36.99E9,37.32E9,37.62E9,37.97E9,38.33E9,38.70E9,39.08E9,39.47E9,39.88E9,40.31E9,40.76E9,41.21E9,41.67E9,42.14E9,42.61E9,43.10E9,43.59E9,44.11E9,5.130E-6,44.64E9,45.18E9,45.73E9,46.27E9,46.83E9,47.38E9,5.130E-6,47.95E9,48.55E9,49.16E9,49.77E9,50.38E9,51.00E9,5.130E-6,51.62E9,52.24E9,52.89E9,53.56E9,54.24E9,54.92E9,55.60E9,5.130E-6,56.28E9,56.96E9,57.66E9,58.40E9,59.15E9,59.76E9,60.50E9,5.130E-6,61.25E9,61.99E9,62.74E9,63.52E9,64.34E9,65.16E9,65.99E9,66.82E9,5.130E-6,67.65E9,68.48E9,69.34E9,70.27E9,71.20E9,72.14E9,73.08E9
5.318E-6,43.22E9,42.88E9,42.55E9,42.23E9,41.91E9,41.60E9,41.29E9,40.99E9,40.69E9,40.40E9,40.11E9,39.83E9,39.57E9,39.31E9,39.05E9,38.81E9,38.56E9,38.32E9,38.08E9,37.85E9,37.62E9,37.40E9,37.18E9,36.97E9,36.76E9,36.55E9,36.35E9,36.16E9,35.98E9,35.80E9,35.63E9,35.46E9,35.29E9,35.13E9,34.98E9,34.83E9,34.68E9,34.54E9,34.40E9,34.27E9,34.14E9,34.02E9,33.90E9,33.79E9,33.69E9,33.59E9,33.50E9,33.41E9,33.33E9,33.25E9,33.19E9,33.13E9,33.08E9,33.02E9,32.99E9,32.96E9,32.93E9,32.92E9,32.91E9,32.92E9,32.93E9,32.95E9,32.98E9,33.02E9,33.06E9,33.12E9,33.20E9,33.28E9,33.38E9,33.48E9,33.60E9,33.74E9,33.88E9,34.04E9,34.21E9,34.39E9,34.59E9,34.80E9,35.02E9,35.26E9,35.51E9,35.77E9,36.05E9,36.35E9,36.67E9,37.00E9,37.30E9,37.66E9,38.02E9,38.40E9,38.79E9,39.19E9,39.60E9,40.04E9,40.49E9,40.96E9,41.43E9,41.91E9,42.40E9,42.90E9,43.41E9,43.93E9,44.49E9,45.04E9,45.60E9,46.17E9,46.74E9,47.32E9,47.91E9,48.53E9,5.318E-6,49.16E9,49.79E9,50.43E9,51.06E9,51.71E9,52.35E9,5.318E-6,53.04E9,53.73E9,54.43E9,55.14E9,55.84E9,56.55E9,5.318E-6,57.26E9,58.01E9,58.64E9,59.41E9,60.17E9,60.94E9,61.71E9,5.318E-6,62.48E9,63.27E9,64.11E9,64.96E9,65.81E9,66.67E9,67.53E9,5.318E-6,68.39E9,69.27E9,70.23E9,71.20E9,72.17E9,73.14E9,74.13E9,75.12E9,5.318E-6,76.15E9,77.26E9,78.39E9,79.52E9,80.67E9,81.82E9,82.99E9
5.505E-6,41.82E9,41.50E9,41.18E9,40.87E9,40.57E9,40.26E9,39.97E9,39.68E9,39.41E9,39.15E9,38.89E9,38.63E9,38.38E9,38.13E9,37.89E9,37.65E9,37.42E9,37.19E9,36.97E9,36.75E9,36.54E9,36.33E9,36.13E9,35.94E9,35.76E9,35.58E9,35.40E9,35.23E9,35.07E9,34.91E9,34.75E9,34.60E9,34.45E9,34.31E9,34.18E9,34.05E9,33.92E9,33.80E9,33.69E9,33.59E9,33.49E9,33.39E9,33.31E9,33.23E9,33.15E9,33.09E9,33.03E9,32.98E9,32.94E9,32.90E9,32.88E9,32.86E9,32.85E9,32.85E9,32.86E9,32.88E9,32.91E9,32.95E9,33.01E9,33.07E9,33.14E9,33.23E9,33.33E9,33.45E9,33.57E9,33.71E9,33.87E9,34.03E9,34.21E9,34.41E9,34.62E9,34.84E9,35.08E9,35.33E9,35.60E9,35.88E9,36.18E9,36.50E9,36.85E9,37.15E9,37.52E9,37.89E9,38.28E9,38.68E9,39.10E9,39.52E9,39.96E9,40.44E9,40.92E9,41.41E9,41.91E9,42.42E9,42.93E9,43.46E9,44.01E9,44.58E9,45.16E9,45.74E9,46.33E9,46.93E9,47.52E9,48.15E9,48.79E9,49.45E9,50.10E9,50.76E9,51.42E9,52.09E9,52.78E9,53.50E9,5.505E-6,54.22E9,54.95E9,55.68E9,56.41E9,57.03E9,57.77E9,5.505E-6,58.56E9,59.34E9,60.13E9,60.92E9,61.72E9,62.52E9,5.505E-6,63.34E9,64.21E9,65.09E9,65.97E9,66.85E9,67.74E9,68.64E9,5.505E-6,69.57E9,70.57E9,71.56E9,72.57E9,73.58E9,74.60E9,75.63E9,5.505E-6,76.75E9,77.91E9,79.08E9,80.25E9,81.44E9,82.65E9,83.94E9,85.32E9,5.505E-6,86.71E9,88.12E9,89.55E9,90.99E9,92.63E9,94.31E9,96.02E9
5.693E-6,40.52E9,40.20E9,39.90E9,39.61E9,39.33E9,39.05E9,38.79E9,38.52E9,38.26E9,38.01E9,37.76E9,37.52E9,37.28E9,37.05E9,36.82E9,36.59E9,36.37E9,36.17E9,35.97E9,35.78E9,35.59E9,35.40E9,35.23E9,35.05E9,34.89E9,34.72E9,34.57E9,34.41E9,34.27E9,34.13E9,33.99E9,33.86E9,33.74E9,33.62E9,33.52E9,33.41E9,33.32E9,33.23E9,33.15E9,33.07E9,33.00E9,32.95E9,32.90E9,32.86E9,32.83E9,32.81E9,32.79E9,32.79E9,32.79E9,32.81E9,32.84E9,32.87E9,32.92E9,32.98E9,33.05E9,33.14E9,33.24E9,33.35E9,33.48E9,33.62E9,33.78E9,33.95E9,34.14E9,34.34E9,34.56E9,34.79E9,35.04E9,35.30E9,35.58E9,35.88E9,36.19E9,36.53E9,36.83E9,37.20E9,37.58E9,37.97E9,38.38E9,38.80E9,39.23E9,39.68E9,40.15E9,40.64E9,41.15E9,41.66E9,42.18E9,42.71E9,43.25E9,43.81E9,44.40E9,44.99E9,45.60E9,46.20E9,46.82E9,47.43E9,48.07E9,48.74E9,49.41E9,50.09E9,50.77E9,51.46E9,52.15E9,52.87E9,53.61E9,54.36E9,55.11E9,55.86E9,56.50E9,57.25E9,58.03E9,58.84E9,5.693E-6,59.66E9,60.47E9,61.29E9,62.11E9,62.93E9,63.82E9,5.693E-6,64.72E9,65.63E9,66.54E9,67.46E9,68.38E9,69.32E9,5.693E-6,70.34E9,71.37E9,72.40E9,73.45E9,74.50E9,75.55E9,76.71E9,5.693E-6,77.90E9,79.10E9,80.32E9,81.55E9,82.79E9,84.15E9,85.57E9,5.693E-6,87.01E9,88.47E9,89.94E9,91.47E9,93.19E9,94.93E9,96.70E9,98.50E9, , , , , , , , 
5.880E-6,39.31E9,39.03E9,38.75E9,38.48E9,38.21E9,37.95E9,37.69E9,37.44E9,37.19E9,36.95E9,36.72E9,36.49E9,36.26E9,36.06E9,35.85E9,35.65E9,35.46E9,35.27E9,35.09E9,34.92E9,34.74E9,34.58E9,34.42E9,34.27E9,34.12E9,33.98E9,33.84E9,33.71E9,33.59E9,33.48E9,33.37E9,33.27E9,33.18E9,33.08E9,33.01E9,32.94E9,32.88E9,32.83E9,32.79E9,32.76E9,32.74E9,32.72E9,32.72E9,32.73E9,32.75E9,32.78E9,32.82E9,32.87E9,32.93E9,33.01E9,33.10E9,33.21E9,33.34E9,33.48E9,33.63E9,33.80E9,33.99E9,34.19E9,34.41E9,34.64E9,34.89E9,35.16E9,35.44E9,35.74E9,36.06E9,36.36E9,36.72E9,37.09E9,37.49E9,37.89E9,38.31E9,38.74E9,39.19E9,39.65E9,40.14E9,40.65E9,41.17E9,41.70E9,42.24E9,42.79E9,43.35E9,43.94E9,44.55E9,45.17E9,45.79E9,46.42E9,47.05E9,47.69E9,48.37E9,49.07E9,49.76E9,50.46E9,51.17E9,51.88E9,52.60E9,53.37E9,54.14E9,54.91E9,55.57E9,56.34E9,57.11E9,57.91E9,58.74E9,59.58E9,60.42E9,61.26E9,62.11E9,62.96E9,63.87E9,64.80E9,5.880E-6,65.74E9,66.68E9,67.62E9,68.57E9,69.56E9,70.62E9,5.880E-6,71.68E9,72.75E9,73.82E9,74.91E9,76.02E9,77.24E9,5.880E-6,78.47E9,79.72E9,80.98E9,82.25E9,83.58E9,85.04E9,86.52E9,5.880E-6,88.01E9,89.52E9,91.06E9,92.80E9,94.59E9,96.41E9,98.25E9, , , , , , , , , , , , , , , , , 
6.068E-6,38.22E9,37.95E9,37.68E9,37.42E9,37.17E9,36.92E9,36.67E9,36.44E9,36.21E9,35.99E9,35.78E9,35.58E9,35.38E9,35.19E9,35.00E9,34.82E9,34.64E9,34.47E9,34.31E9,34.15E9,34.00E9,33.86E9,33.72E9,33.59E9,33.47E9,33.35E9,33.25E9,33.14E9,33.05E9,32.97E9,32.90E9,32.83E9,32.78E9,32.73E9,32.70E9,32.67E9,32.65E9,32.65E9,32.65E9,32.67E9,32.70E9,32.74E9,32.79E9,32.86E9,32.94E9,33.04E9,33.15E9,33.28E9,33.42E9,33.58E9,33.76E9,33.96E9,34.17E9,34.40E9,34.64E9,34.91E9,35.19E9,35.49E9,35.81E9,36.11E9,36.46E9,36.84E9,37.24E9,37.65E9,38.07E9,38.52E9,38.97E9,39.44E9,39.93E9,40.45E9,40.99E9,41.54E9,42.09E9,42.66E9,43.23E9,43.83E9,44.46E9,45.09E9,45.74E9,46.39E9,47.04E9,47.70E9,48.40E9,49.12E9,49.84E9,50.56E9,51.29E9,52.02E9,52.78E9,53.57E9,54.37E9,55.04E9,55.83E9,56.62E9,57.41E9,58.26E9,59.12E9,59.99E9,60.85E9,61.72E9,62.59E9,63.50E9,64.46E9,65.42E9,66.38E9,67.35E9,68.33E9,69.32E9,70.40E9,71.49E9,6.068E-6,72.59E9,73.70E9,74.81E9,75.95E9,77.21E9,78.48E9,6.068E-6,79.76E9,81.05E9,82.36E9,83.75E9,85.25E9,86.77E9,6.068E-6,88.31E9,89.87E9,91.49E9,93.31E9,95.16E9,97.04E9,98.94E9, , , , , , , , , , , , , , , , , , , , , , , , , 
6.255E-6,37.20E9,36.94E9,36.69E9,36.44E9,36.20E9,35.98E9,35.76E9,35.55E9,35.34E9,35.14E9,34.95E9,34.76E9,34.58E9,34.41E9,34.24E9,34.08E9,33.92E9,33.77E9,33.63E9,33.50E9,33.38E9,33.26E9,33.14E9,33.04E9,32.95E9,32.87E9,32.80E9,32.74E9,32.69E9,32.64E9,32.61E9,32.59E9,32.58E9,32.58E9,32.59E9,32.61E9,32.65E9,32.70E9,32.76E9,32.84E9,32.93E9,33.04E9,33.17E9,33.31E9,33.48E9,33.66E9,33.86E9,34.08E9,34.31E9,34.57E9,34.84E9,35.13E9,35.44E9,35.78E9,36.08E9,36.44E9,36.84E9,37.25E9,37.68E9,38.12E9,38.58E9,39.06E9,39.54E9,40.06E9,40.61E9,41.16E9,41.73E9,42.31E9,42.89E9,43.49E9,44.13E9,44.78E9,45.44E9,46.10E9,46.78E9,47.46E9,48.16E9,48.90E9,49.64E9,50.38E9,51.13E9,51.88E9,52.65E9,53.47E9,54.17E9,54.98E9,55.79E9,56.60E9,57.41E9,58.29E9,59.17E9,60.06E9,60.95E9,61.84E9,62.74E9,63.69E9,64.67E9,65.66E9,66.65E9,67.65E9,68.65E9,69.71E9,70.83E9,71.95E9,73.08E9,74.22E9,75.37E9,76.61E9,77.91E9,79.22E9,6.255E-6,80.54E9,81.88E9,83.24E9,84.78E9,86.34E9,87.92E9,6.255E-6,89.51E9,91.14E9,92.99E9,94.89E9,96.81E9,98.76E9, , , , , , , , , , , , , , , , , , , , , , , , , , , , , , , , , 
6.443E-6,36.25E9,36.01E9,35.79E9,35.57E9,35.35E9,35.15E9,34.94E9,34.75E9,34.56E9,34.38E9,34.20E9,34.04E9,33.87E9,33.72E9,33.57E9,33.44E9,33.31E9,33.18E9,33.07E9,32.97E9,32.88E9,32.79E9,32.72E9,32.66E9,32.60E9,32.56E9,32.53E9,32.51E9,32.50E9,32.50E9,32.52E9,32.54E9,32.59E9,32.64E9,32.72E9,32.80E9,32.90E9,33.02E9,33.16E9,33.32E9,33.50E9,33.70E9,33.92E9,34.15E9,34.41E9,34.68E9,34.98E9,35.30E9,35.59E9,35.94E9,36.31E9,36.71E9,37.13E9,37.57E9,38.03E9,38.50E9,38.99E9,39.50E9,40.03E9,40.59E9,41.16E9,41.75E9,42.34E9,42.95E9,43.57E9,44.23E9,44.90E9,45.58E9,46.27E9,46.96E9,47.66E9,48.40E9,49.16E9,49.93E9,50.69E9,51.47E9,52.24E9,53.06E9,53.78E9,54.61E9,55.44E9,56.28E9,57.11E9,57.98E9,58.89E9,59.80E9,60.71E9,61.63E9,62.55E9,63.51E9,64.52E9,65.53E9,66.55E9,67.57E9,68.60E9,69.68E9,70.83E9,71.98E9,73.14E9,74.31E9,75.50E9,76.78E9,78.11E9,79.46E9,80.82E9,82.20E9,83.65E9,85.23E9,86.83E9,88.46E9,6.443E-6,90.11E9,91.86E9,93.78E9,95.74E9,97.73E9,99.75E9, , , , , , , , , , , , , , , , , , , , , , , , , , , , , , , , , , , , , , , , 
6.630E-6,35.41E9,35.19E9,34.98E9,34.78E9,34.58E9,34.39E9,34.20E9,34.03E9,33.86E9,33.70E9,33.55E9,33.40E9,33.26E9,33.13E9,33.01E9,32.91E9,32.81E9,32.73E9,32.65E9,32.58E9,32.53E9,32.48E9,32.45E9,32.42E9,32.41E9,32.42E9,32.43E9,32.47E9,32.51E9,32.57E9,32.65E9,32.74E9,32.85E9,32.97E9,33.12E9,33.29E9,33.48E9,33.69E9,33.92E9,34.17E9,34.44E9,34.74E9,35.05E9,35.35E9,35.70E9,36.07E9,36.46E9,36.89E9,37.34E9,37.80E9,38.28E9,38.78E9,39.29E9,39.82E9,40.40E9,40.99E9,41.59E9,42.20E9,42.82E9,43.46E9,44.13E9,44.82E9,45.52E9,46.22E9,46.94E9,47.66E9,48.42E9,49.20E9,49.99E9,50.78E9,51.57E9,52.37E9,53.10E9,53.95E9,54.80E9,55.66E9,56.51E9,57.37E9,58.29E9,59.22E9,60.15E9,61.09E9,62.03E9,62.98E9,64.00E9,65.03E9,66.08E9,67.12E9,68.18E9,69.24E9,70.41E9,71.59E9,72.78E9,73.98E9,75.19E9,76.47E9,77.83E9,79.21E9,80.61E9,82.02E9,83.48E9,85.10E9,86.74E9,88.40E9,90.09E9,91.89E9,93.86E9,95.86E9,97.90E9,99.98E9, , , , , , , , , , , , , , , , , , , , , , , , , , , , , , , , , , , , , , , , , , , , , , , 
