width,,620,,625.5,,631,,636.5,,642,,647.5,,653,,658.5,,664,,669.5,,675,,680.5,,686,,691.5,,697,,702.5,,708,,713.5,,719,,724.5,,730,,735.5,,741,,746.5,,752,,757.5,,763,,768.5,,774,,779.5,,785,,790.5,,796,,801.5,,807,,812.5,,818,,823.5,,829,,834.5,,840,,845.5,,851,,856.5,,862,,867.5,,873,,878.5,,884,,889.5,,895,,900.5,,906,,911.5,,917,,922.5,,928,,933.5,,939,,944.5,,950,,955.5,,961,,966.5,,972,,977.5,,983,,988.5,,994,,999.5,,1005,,1010.5,,1016,,1021.5,,1027,,1032.5,,1038,,1043.5,,1049,,1054.5,,1060,,1065.5,,1071,,1076.5,,1082,,1087.5,,1093,,1098.5,,1104,,1109.5,,1115,,1120.5,,1126,,1131.5,,1137,,1142.5,,1148,,1153.5,,1159,,1164.5,,1170,,1175.5,,1181,,1186.5,,1192,,1197.5,,1203,,1208.5,,1214,,1219.5,,1225,,1230.5,,1236,,1241.5,,1247,,1252.5,,1258,,1263.5,,1269,,1274.5,,1280,,1285.5,,1291,,1296.5,,1302,,1307.5,,1313,,1318.5,,1324,,1329.5,,1335,,1340.5,,1346,,1351.5,,1357,,1362.5,,1368,,1373.5,,1379,,1384.5,,1390,,1395.5,,1401,,1406.5,,1412,,1417.5,,1423,,1428.5,,1434,,1439.5,,1445
2.88E-06,3.775,8.28E+10,3.839,8.20E+10,3.902,8.12E+10,3.965,8.04E+10,4.027,7.96E+10,4.088,7.88E+10,4.149,7.80E+10,4.209,7.73E+10,4.268,7.65E+10,4.327,7.58E+10,4.385,7.51E+10,4.443,7.45E+10,4.5,7.38E+10,4.557,7.32E+10,4.613,7.25E+10,4.668,7.19E+10,4.723,7.13E+10,4.778,7.07E+10,4.831,7.01E+10,4.885,6.95E+10,4.938,6.89E+10,4.99,6.84E+10,5.042,6.78E+10,5.094,6.73E+10,5.145,6.68E+10,5.195,6.62E+10,5.245,6.57E+10,5.295,6.52E+10,5.344,6.47E+10,5.393,6.42E+10,5.441,6.38E+10,5.489,6.33E+10,5.536,6.28E+10,5.584,6.24E+10,5.63,6.19E+10,5.676,6.15E+10,5.722,6.11E+10,5.768,6.07E+10,5.813,6.02E+10,5.857,5.98E+10,5.902,5.94E+10,5.946,5.90E+10,5.989,5.86E+10,6.032,5.82E+10,6.075,5.78E+10,6.118,5.75E+10,6.16,5.71E+10,6.201,5.67E+10,6.243,5.64E+10,6.284,5.60E+10,6.325,5.57E+10,6.365,5.54E+10,6.405,5.50E+10,6.445,5.47E+10,6.484,5.44E+10,6.523,5.40E+10,6.562,5.37E+10,6.601,5.34E+10,6.639,5.31E+10,6.676,5.28E+10,6.714,5.25E+10,6.751,5.22E+10,6.788,5.19E+10,6.825,5.16E+10,6.861,5.13E+10,6.897,5.10E+10,6.933,5.08E+10,6.968,5.05E+10,7.003,5.02E+10,7.038,4.99E+10,7.073,4.97E+10,7.107,4.94E+10,7.141,4.92E+10,7.175,4.89E+10,7.209,4.86E+10,7.242,4.84E+10,7.275,4.81E+10,7.307,4.79E+10,7.34,4.77E+10,7.372,4.74E+10,7.404,4.72E+10,7.436,4.70E+10,7.467,4.68E+10,7.498,4.65E+10,7.529,4.63E+10,7.56,4.61E+10,7.59,4.59E+10,7.62,4.57E+10,7.65,4.55E+10,7.679,4.52E+10,7.709,4.50E+10,7.738,4.48E+10,7.767,4.46E+10,7.795,4.44E+10,7.824,4.42E+10,7.852,4.40E+10,7.881,4.38E+10,7.909,4.36E+10,7.936,4.35E+10,7.963,4.33E+10,7.99,4.31E+10,8.017,4.29E+10,8.044,4.27E+10,8.07,4.26E+10,8.096,4.24E+10,8.122,4.22E+10,8.147,4.21E+10,8.173,4.19E+10,8.198,4.17E+10,8.223,4.16E+10,8.247,4.14E+10,8.272,4.12E+10,8.296,4.11E+10,8.32,4.09E+10,8.343,4.07E+10,8.367,4.06E+10,8.39,4.04E+10,8.413,4.03E+10,8.436,4.01E+10,8.458,4.00E+10,8.48,3.98E+10,8.502,3.97E+10,8.524,3.95E+10,8.546,3.94E+10,8.567,3.93E+10,8.588,3.91E+10,8.609,3.90E+10,8.629,3.89E+10,8.65,3.87E+10,8.67,3.86E+10,8.69,3.85E+10,8.709,3.84E+10,8.728,3.82E+10,8.747,3.81E+10,8.766,3.80E+10,8.785,3.79E+10,8.803,3.77E+10,8.821,3.76E+10,8.839,3.75E+10,8.856,3.74E+10,8.873,3.73E+10,8.89,3.72E+10,8.907,3.70E+10,8.923,3.69E+10,8.939,3.68E+10,8.955,3.67E+10,8.971,3.66E+10,8.986,3.65E+10,9.001,3.64E+10,9.016,3.63E+10,9.03,3.62E+10
3.07E-06,4.23,7.70E+10,4.293,7.62E+10,4.356,7.55E+10,4.417,7.47E+10,4.478,7.40E+10,4.539,7.34E+10,4.599,7.27E+10,4.658,7.20E+10,4.717,7.13E+10,4.775,7.07E+10,4.832,7.00E+10,4.889,6.94E+10,4.945,6.88E+10,5.001,6.82E+10,5.056,6.77E+10,5.111,6.71E+10,5.165,6.65E+10,5.219,6.60E+10,5.272,6.55E+10,5.324,6.49E+10,5.376,6.44E+10,5.428,6.39E+10,5.479,6.34E+10,5.53,6.29E+10,5.58,6.24E+10,5.63,6.19E+10,5.679,6.15E+10,5.728,6.10E+10,5.776,6.06E+10,5.824,6.01E+10,5.871,5.97E+10,5.919,5.93E+10,5.965,5.88E+10,6.011,5.84E+10,6.057,5.80E+10,6.102,5.76E+10,6.147,5.72E+10,6.192,5.68E+10,6.236,5.64E+10,6.28,5.61E+10,6.323,5.57E+10,6.366,5.53E+10,6.409,5.50E+10,6.451,5.46E+10,6.493,5.43E+10,6.535,5.39E+10,6.576,5.36E+10,6.617,5.33E+10,6.657,5.29E+10,6.697,5.26E+10,6.737,5.23E+10,6.777,5.20E+10,6.816,5.17E+10,6.854,5.14E+10,6.893,5.11E+10,6.931,5.08E+10,6.969,5.05E+10,7.006,5.02E+10,7.043,4.99E+10,7.08,4.96E+10,7.117,4.93E+10,7.153,4.91E+10,7.189,4.88E+10,7.224,4.85E+10,7.259,4.83E+10,7.294,4.80E+10,7.329,4.77E+10,7.363,4.75E+10,7.397,4.73E+10,7.431,4.70E+10,7.465,4.68E+10,7.498,4.65E+10,7.531,4.63E+10,7.563,4.61E+10,7.595,4.58E+10,7.627,4.56E+10,7.659,4.54E+10,7.691,4.52E+10,7.722,4.49E+10,7.753,4.47E+10,7.783,4.45E+10,7.815,4.43E+10,7.845,4.41E+10,7.875,4.39E+10,7.904,4.37E+10,7.934,4.35E+10,7.963,4.33E+10,7.991,4.31E+10,8.02,4.29E+10,8.048,4.27E+10,8.076,4.25E+10,8.104,4.23E+10,8.131,4.22E+10,8.158,4.20E+10,8.185,4.18E+10,8.212,4.16E+10,8.238,4.15E+10,8.264,4.13E+10,8.29,4.11E+10,8.315,4.09E+10,8.341,4.08E+10,8.366,4.06E+10,8.39,4.04E+10,8.415,4.03E+10,8.439,4.01E+10,8.463,4.00E+10,8.486,3.98E+10,8.51,3.96E+10,8.533,3.95E+10,8.556,3.94E+10,8.578,3.92E+10,8.601,3.91E+10,8.623,3.89E+10,8.644,3.88E+10,8.666,3.86E+10,8.687,3.85E+10,8.708,3.84E+10,8.728,3.82E+10,8.749,3.81E+10,8.769,3.80E+10,8.788,3.78E+10,8.808,3.77E+10,8.827,3.76E+10,8.845,3.75E+10,8.864,3.73E+10,8.882,3.72E+10,8.9,3.71E+10,8.918,3.70E+10,8.935,3.69E+10,8.952,3.67E+10,8.968,3.66E+10,8.985,3.65E+10,9.001,3.64E+10,9.016,3.63E+10,9.031,3.62E+10,9.046,3.61E+10,9.061,3.60E+10,9.075,3.59E+10,9.089,3.58E+10,9.102,3.57E+10,9.116,3.56E+10,9.128,3.55E+10,9.141,3.54E+10,9.153,3.53E+10,9.164,3.52E+10,9.175,3.52E+10,9.186,3.51E+10,9.196,3.50E+10,9.206,3.49E+10,9.216,3.48E+10,9.225,3.48E+10
3.26E-06,4.652,7.20E+10,4.715,7.13E+10,4.776,7.06E+10,4.837,6.99E+10,4.897,6.93E+10,4.957,6.86E+10,5.016,6.80E+10,5.075,6.74E+10,5.132,6.68E+10,5.19,6.63E+10,5.246,6.57E+10,5.302,6.51E+10,5.358,6.45E+10,5.413,6.40E+10,5.467,6.34E+10,5.521,6.29E+10,5.574,6.24E+10,5.627,6.19E+10,5.679,6.14E+10,5.731,6.10E+10,5.782,6.05E+10,5.833,6.00E+10,5.883,5.96E+10,5.933,5.91E+10,5.983,5.86E+10,6.031,5.82E+10,6.08,5.78E+10,6.128,5.73E+10,6.175,5.69E+10,6.222,5.65E+10,6.269,5.61E+10,6.315,5.58E+10,6.361,5.54E+10,6.406,5.50E+10,6.451,5.46E+10,6.495,5.42E+10,6.539,5.39E+10,6.583,5.35E+10,6.626,5.32E+10,6.669,5.28E+10,6.712,5.25E+10,6.754,5.21E+10,6.795,5.18E+10,6.837,5.15E+10,6.878,5.12E+10,6.918,5.09E+10,6.958,5.05E+10,6.998,5.02E+10,7.038,4.99E+10,7.077,4.96E+10,7.115,4.93E+10,7.154,4.90E+10,7.192,4.88E+10,7.23,4.85E+10,7.267,4.82E+10,7.304,4.79E+10,7.341,4.76E+10,7.377,4.74E+10,7.413,4.71E+10,7.449,4.69E+10,7.484,4.66E+10,7.519,4.64E+10,7.554,4.61E+10,7.588,4.59E+10,7.622,4.56E+10,7.656,4.54E+10,7.689,4.52E+10,7.723,4.49E+10,7.756,4.47E+10,7.789,4.45E+10,7.821,4.42E+10,7.853,4.40E+10,7.884,4.38E+10,7.915,4.36E+10,7.946,4.34E+10,7.977,4.32E+10,8.007,4.30E+10,8.037,4.28E+10,8.067,4.26E+10,8.097,4.24E+10,8.126,4.22E+10,8.155,4.20E+10,8.183,4.18E+10,8.211,4.16E+10,8.239,4.14E+10,8.267,4.13E+10,8.294,4.11E+10,8.321,4.09E+10,8.348,4.07E+10,8.375,4.05E+10,8.401,4.04E+10,8.426,4.02E+10,8.452,4.00E+10,8.477,3.98E+10,8.502,3.97E+10,8.527,3.95E+10,8.551,3.94E+10,8.575,3.92E+10,8.599,3.91E+10,8.622,3.89E+10,8.645,3.88E+10,8.668,3.86E+10,8.69,3.85E+10,8.712,3.83E+10,8.734,3.82E+10,8.755,3.81E+10,8.776,3.79E+10,8.797,3.78E+10,8.818,3.76E+10,8.838,3.75E+10,8.857,3.74E+10,8.877,3.73E+10,8.896,3.71E+10,8.915,3.70E+10,8.933,3.69E+10,8.951,3.67E+10,8.969,3.66E+10,8.986,3.65E+10,9.003,3.64E+10,9.019,3.63E+10,9.035,3.62E+10,9.051,3.61E+10,9.066,3.60E+10,9.081,3.58E+10,9.096,3.57E+10,9.11,3.56E+10,9.124,3.55E+10,9.137,3.55E+10,9.15,3.54E+10,9.162,3.53E+10,9.174,3.52E+10,9.185,3.51E+10,9.196,3.50E+10,9.207,3.49E+10,9.217,3.48E+10,9.226,3.47E+10,9.235,3.47E+10,9.244,3.46E+10,9.252,3.45E+10,9.259,3.44E+10,9.266,3.44E+10,9.272,3.43E+10,9.278,3.42E+10,9.283,3.42E+10,9.288,3.41E+10,9.292,3.40E+10,9.295,3.40E+10,9.298,3.39E+10,9.3,3.39E+10,9.301,3.38E+10,9.302,3.37E+10
3.44E-06,5.046,6.77E+10,5.107,6.70E+10,5.168,6.64E+10,5.228,6.58E+10,5.288,6.52E+10,5.347,6.46E+10,5.405,6.40E+10,5.462,6.34E+10,5.519,6.29E+10,5.576,6.24E+10,5.632,6.18E+10,5.687,6.13E+10,5.741,6.08E+10,5.796,6.03E+10,5.849,5.98E+10,5.902,5.93E+10,5.955,5.89E+10,6.007,5.84E+10,6.058,5.79E+10,6.109,5.75E+10,6.159,5.70E+10,6.209,5.66E+10,6.259,5.62E+10,6.307,5.58E+10,6.356,5.54E+10,6.404,5.50E+10,6.451,5.46E+10,6.498,5.42E+10,6.545,5.38E+10,6.591,5.34E+10,6.637,5.30E+10,6.682,5.27E+10,6.727,5.23E+10,6.771,5.20E+10,6.815,5.16E+10,6.858,5.13E+10,6.901,5.10E+10,6.944,5.06E+10,6.986,5.03E+10,7.028,5.00E+10,7.069,4.97E+10,7.111,4.93E+10,7.151,4.90E+10,7.191,4.87E+10,7.231,4.84E+10,7.271,4.81E+10,7.31,4.78E+10,7.349,4.76E+10,7.387,4.73E+10,7.425,4.70E+10,7.462,4.67E+10,7.5,4.65E+10,7.537,4.62E+10,7.573,4.60E+10,7.609,4.57E+10,7.646,4.55E+10,7.682,4.52E+10,7.717,4.50E+10,7.751,4.47E+10,7.786,4.45E+10,7.82,4.42E+10,7.854,4.40E+10,7.887,4.38E+10,7.92,4.35E+10,7.953,4.33E+10,7.985,4.31E+10,8.017,4.29E+10,8.049,4.27E+10,8.08,4.25E+10,8.111,4.23E+10,8.142,4.21E+10,8.172,4.19E+10,8.202,4.17E+10,8.232,4.15E+10,8.261,4.13E+10,8.29,4.11E+10,8.319,4.09E+10,8.347,4.07E+10,8.375,4.05E+10,8.402,4.03E+10,8.43,4.01E+10,8.457,4.00E+10,8.483,3.98E+10,8.509,3.96E+10,8.535,3.95E+10,8.561,3.93E+10,8.586,3.91E+10,8.611,3.90E+10,8.636,3.88E+10,8.66,3.87E+10,8.683,3.85E+10,8.707,3.84E+10,8.73,3.82E+10,8.753,3.81E+10,8.775,3.79E+10,8.797,3.78E+10,8.819,3.76E+10,8.84,3.75E+10,8.861,3.73E+10,8.881,3.72E+10,8.901,3.71E+10,8.921,3.69E+10,8.94,3.68E+10,8.959,3.67E+10,8.977,3.66E+10,8.995,3.64E+10,9.013,3.63E+10,9.03,3.62E+10,9.047,3.61E+10,9.063,3.60E+10,9.079,3.59E+10,9.094,3.57E+10,9.109,3.56E+10,9.124,3.55E+10,9.138,3.54E+10,9.151,3.53E+10,9.164,3.52E+10,9.177,3.51E+10,9.189,3.50E+10,9.2,3.49E+10,9.211,3.49E+10,9.221,3.48E+10,9.231,3.47E+10,9.24,3.46E+10,9.249,3.45E+10,9.257,3.44E+10,9.265,3.44E+10,9.271,3.43E+10,9.278,3.42E+10,9.283,3.41E+10,9.288,3.41E+10,9.292,3.40E+10,9.296,3.39E+10,9.298,3.39E+10,9.3,3.38E+10,9.302,3.38E+10,9.302,3.37E+10,9.302,3.37E+10,9.301,3.36E+10,9.299,3.36E+10,9.296,3.35E+10,9.293,3.35E+10,9.288,3.35E+10,9.283,3.34E+10,9.276,3.34E+10,9.269,3.34E+10,9.261,3.34E+10,9.252,3.33E+10,9.242,3.33E+10,9.23,3.33E+10,9.218,3.33E+10
3.63E-06,5.414,6.39E+10,5.474,6.33E+10,5.534,6.27E+10,5.594,6.21E+10,5.652,6.16E+10,5.71,6.10E+10,5.768,6.05E+10,5.824,6.00E+10,5.88,5.95E+10,5.936,5.90E+10,5.991,5.85E+10,6.045,5.80E+10,6.099,5.75E+10,6.152,5.70E+10,6.205,5.66E+10,6.257,5.62E+10,6.309,5.57E+10,6.36,5.53E+10,6.41,5.49E+10,6.46,5.45E+10,6.51,5.40E+10,6.559,5.36E+10,6.607,5.32E+10,6.655,5.28E+10,6.703,5.24E+10,6.749,5.21E+10,6.796,5.17E+10,6.842,5.14E+10,6.888,5.10E+10,6.933,5.07E+10,6.977,5.03E+10,7.022,5.00E+10,7.065,4.97E+10,7.109,4.93E+10,7.151,4.90E+10,7.194,4.87E+10,7.236,4.84E+10,7.277,4.80E+10,7.319,4.77E+10,7.359,4.74E+10,7.4,4.72E+10,7.44,4.69E+10,7.479,4.66E+10,7.518,4.63E+10,7.557,4.60E+10,7.596,4.58E+10,7.634,4.55E+10,7.672,4.52E+10,7.709,4.50E+10,7.745,4.47E+10,7.782,4.45E+10,7.818,4.42E+10,7.853,4.40E+10,7.888,4.37E+10,7.923,4.35E+10,7.958,4.33E+10,7.992,4.30E+10,8.025,4.28E+10,8.059,4.26E+10,8.092,4.24E+10,8.124,4.22E+10,8.156,4.19E+10,8.188,4.17E+10,8.22,4.15E+10,8.251,4.13E+10,8.281,4.11E+10,8.312,4.09E+10,8.341,4.07E+10,8.371,4.05E+10,8.4,4.03E+10,8.429,4.01E+10,8.457,3.99E+10,8.485,3.98E+10,8.513,3.96E+10,8.54,3.94E+10,8.567,3.92E+10,8.594,3.91E+10,8.62,3.89E+10,8.645,3.87E+10,8.671,3.86E+10,8.696,3.84E+10,8.72,3.82E+10,8.744,3.81E+10,8.768,3.79E+10,8.791,3.78E+10,8.814,3.76E+10,8.837,3.75E+10,8.859,3.73E+10,8.88,3.72E+10,8.901,3.71E+10,8.922,3.69E+10,8.942,3.68E+10,8.962,3.66E+10,8.982,3.65E+10,9,3.64E+10,9.019,3.62E+10,9.037,3.61E+10,9.054,3.60E+10,9.071,3.59E+10,9.088,3.58E+10,9.104,3.57E+10,9.119,3.56E+10,9.134,3.54E+10,9.148,3.53E+10,9.162,3.52E+10,9.175,3.51E+10,9.188,3.50E+10,9.2,3.49E+10,9.212,3.48E+10,9.222,3.47E+10,9.233,3.47E+10,9.242,3.46E+10,9.251,3.45E+10,9.259,3.44E+10,9.267,3.43E+10,9.274,3.42E+10,9.28,3.42E+10,9.286,3.41E+10,9.29,3.40E+10,9.294,3.40E+10,9.297,3.39E+10,9.3,3.38E+10,9.301,3.38E+10,9.302,3.37E+10,9.302,3.37E+10,9.301,3.36E+10,9.299,3.36E+10,9.296,3.35E+10,9.292,3.35E+10,9.287,3.34E+10,9.281,3.34E+10,9.274,3.34E+10,9.266,3.34E+10,9.257,3.33E+10,9.247,3.33E+10,9.236,3.33E+10,9.223,3.33E+10,9.21,3.33E+10,9.195,3.33E+10,9.179,3.33E+10,9.162,3.33E+10,9.143,3.33E+10,9.124,3.33E+10,9.103,3.33E+10,9.08,3.34E+10,9.056,3.34E+10,9.03,3.34E+10,9.003,3.35E+10,8.974,3.35E+10,8.944,3.36E+10,8.912,3.36E+10
3.82E-06,5.758,6.05E+10,5.818,6.00E+10,5.877,5.94E+10,5.935,5.89E+10,5.993,5.84E+10,6.05,5.79E+10,6.107,5.74E+10,6.163,5.69E+10,6.218,5.64E+10,6.273,5.60E+10,6.327,5.55E+10,6.38,5.51E+10,6.433,5.46E+10,6.485,5.42E+10,6.537,5.38E+10,6.588,5.33E+10,6.639,5.29E+10,6.689,5.25E+10,6.738,5.21E+10,6.788,5.17E+10,6.836,5.14E+10,6.884,5.10E+10,6.931,5.06E+10,6.978,5.03E+10,7.025,4.99E+10,7.071,4.96E+10,7.116,4.92E+10,7.161,4.89E+10,7.206,4.85E+10,7.25,4.82E+10,7.293,4.79E+10,7.336,4.76E+10,7.379,4.73E+10,7.421,4.70E+10,7.463,4.67E+10,7.505,4.64E+10,7.546,4.61E+10,7.587,4.58E+10,7.627,4.55E+10,7.666,4.52E+10,7.705,4.50E+10,7.744,4.47E+10,7.782,4.44E+10,7.82,4.42E+10,7.857,4.39E+10,7.894,4.36E+10,7.931,4.34E+10,7.967,4.32E+10,8.003,4.29E+10,8.038,4.27E+10,8.073,4.25E+10,8.107,4.22E+10,8.141,4.20E+10,8.175,4.18E+10,8.208,4.16E+10,8.241,4.13E+10,8.273,4.11E+10,8.305,4.09E+10,8.337,4.07E+10,8.368,4.05E+10,8.398,4.03E+10,8.429,4.01E+10,8.459,3.99E+10,8.488,3.97E+10,8.517,3.95E+10,8.546,3.93E+10,8.574,3.92E+10,8.602,3.90E+10,8.629,3.88E+10,8.656,3.86E+10,8.682,3.85E+10,8.708,3.83E+10,8.734,3.81E+10,8.759,3.80E+10,8.783,3.78E+10,8.808,3.76E+10,8.831,3.75E+10,8.855,3.73E+10,8.877,3.72E+10,8.9,3.70E+10,8.922,3.69E+10,8.943,3.67E+10,8.964,3.66E+10,8.984,3.65E+10,9.004,3.63E+10,9.023,3.62E+10,9.042,3.61E+10,9.06,3.59E+10,9.078,3.58E+10,9.095,3.57E+10,9.111,3.56E+10,9.127,3.55E+10,9.143,3.54E+10,9.157,3.52E+10,9.171,3.51E+10,9.185,3.50E+10,9.198,3.49E+10,9.21,3.48E+10,9.221,3.47E+10,9.232,3.46E+10,9.242,3.45E+10,9.252,3.45E+10,9.26,3.44E+10,9.268,3.43E+10,9.275,3.42E+10,9.282,3.41E+10,9.287,3.40E+10,9.292,3.40E+10,9.296,3.39E+10,9.299,3.38E+10,9.301,3.38E+10,9.302,3.37E+10,9.302,3.37E+10,9.301,3.36E+10,9.299,3.36E+10,9.296,3.35E+10,9.292,3.35E+10,9.287,3.34E+10,9.281,3.34E+10,9.274,3.34E+10,9.266,3.33E+10,9.256,3.33E+10,9.245,3.33E+10,9.233,3.33E+10,9.22,3.33E+10,9.206,3.33E+10,9.19,3.33E+10,9.173,3.33E+10,9.154,3.33E+10,9.133,3.33E+10,9.111,3.33E+10,9.088,3.33E+10,9.063,3.34E+10,9.036,3.34E+10,9.007,3.34E+10,8.977,3.35E+10,8.944,3.35E+10,8.91,3.36E+10,8.874,3.37E+10,8.845,3.37E+10,8.807,3.38E+10,8.767,3.39E+10,8.725,3.40E+10,8.682,3.41E+10,8.636,3.42E+10,8.589,3.43E+10,8.54,3.44E+10,8.489,3.45E+10,8.436,3.46E+10,8.382,3.48E+10,8.325,3.49E+10
4.01E-06,6.081,5.75E+10,6.14,5.70E+10,6.198,5.65E+10,6.256,5.60E+10,6.313,5.55E+10,6.369,5.51E+10,6.425,5.46E+10,6.48,5.42E+10,6.534,5.37E+10,6.588,5.33E+10,6.641,5.28E+10,6.693,5.24E+10,6.745,5.20E+10,6.797,5.16E+10,6.847,5.12E+10,6.898,5.08E+10,6.947,5.04E+10,6.996,5.01E+10,7.045,4.97E+10,7.093,4.93E+10,7.14,4.90E+10,7.187,4.86E+10,7.234,4.83E+10,7.279,4.79E+10,7.325,4.76E+10,7.37,4.73E+10,7.415,4.70E+10,7.459,4.66E+10,7.502,4.63E+10,7.545,4.60E+10,7.587,4.57E+10,7.629,4.54E+10,7.671,4.52E+10,7.712,4.49E+10,7.752,4.46E+10,7.792,4.43E+10,7.832,4.40E+10,7.871,4.38E+10,7.909,4.35E+10,7.948,4.32E+10,7.985,4.30E+10,8.023,4.27E+10,8.059,4.25E+10,8.096,4.23E+10,8.131,4.20E+10,8.167,4.18E+10,8.202,4.16E+10,8.236,4.13E+10,8.27,4.11E+10,8.304,4.09E+10,8.337,4.07E+10,8.369,4.04E+10,8.402,4.02E+10,8.433,4.00E+10,8.465,3.98E+10,8.495,3.96E+10,8.526,3.94E+10,8.556,3.92E+10,8.585,3.90E+10,8.614,3.89E+10,8.642,3.87E+10,8.67,3.85E+10,8.698,3.83E+10,8.725,3.82E+10,8.751,3.80E+10,8.777,3.78E+10,8.803,3.76E+10,8.828,3.75E+10,8.852,3.73E+10,8.876,3.72E+10,8.9,3.70E+10,8.922,3.68E+10,8.945,3.67E+10,8.967,3.65E+10,8.988,3.64E+10,9.008,3.63E+10,9.028,3.61E+10,9.048,3.60E+10,9.067,3.59E+10,9.085,3.57E+10,9.103,3.56E+10,9.12,3.55E+10,9.136,3.54E+10,9.152,3.53E+10,9.167,3.51E+10,9.181,3.50E+10,9.195,3.49E+10,9.208,3.48E+10,9.22,3.47E+10,9.231,3.46E+10,9.242,3.45E+10,9.252,3.44E+10,9.261,3.43E+10,9.269,3.42E+10,9.276,3.42E+10,9.283,3.41E+10,9.288,3.40E+10,9.293,3.39E+10,9.297,3.39E+10,9.299,3.38E+10,9.301,3.37E+10,9.302,3.37E+10,9.301,3.36E+10,9.3,3.35E+10,9.297,3.35E+10,9.294,3.35E+10,9.289,3.34E+10,9.282,3.34E+10,9.275,3.33E+10,9.267,3.33E+10,9.257,3.33E+10,9.246,3.33E+10,9.233,3.33E+10,9.219,3.32E+10,9.203,3.32E+10,9.186,3.32E+10,9.167,3.32E+10,9.147,3.33E+10,9.124,3.33E+10,9.1,3.33E+10,9.075,3.33E+10,9.047,3.34E+10,9.017,3.34E+10,8.985,3.35E+10,8.96,3.35E+10,8.926,3.35E+10,8.89,3.36E+10,8.852,3.37E+10,8.813,3.38E+10,8.771,3.38E+10,8.727,3.39E+10,8.682,3.40E+10,8.634,3.41E+10,8.584,3.42E+10,8.533,3.44E+10,8.479,3.45E+10,8.423,3.46E+10,8.365,3.48E+10,8.305,3.49E+10,8.243,3.51E+10,8.179,3.52E+10,8.113,3.54E+10,8.044,3.56E+10,7.974,3.58E+10,7.902,3.60E+10,7.827,3.62E+10,7.751,3.64E+10,7.673,3.66E+10,7.593,3.69E+10,7.511,3.71E+10,7.427,3.74E+10
4.19E-06,6.385,5.49E+10,6.443,5.44E+10,6.5,5.39E+10,6.557,5.34E+10,6.613,5.30E+10,6.668,5.25E+10,6.723,5.21E+10,6.777,5.17E+10,6.83,5.13E+10,6.883,5.09E+10,6.935,5.05E+10,6.987,5.01E+10,7.037,4.97E+10,7.088,4.93E+10,7.137,4.89E+10,7.187,4.85E+10,7.235,4.82E+10,7.283,4.78E+10,7.331,4.75E+10,7.379,4.72E+10,7.425,4.68E+10,7.471,4.65E+10,7.516,4.62E+10,7.561,4.59E+10,7.605,4.56E+10,7.649,4.53E+10,7.692,4.50E+10,7.734,4.47E+10,7.776,4.44E+10,7.818,4.41E+10,7.859,4.38E+10,7.9,4.35E+10,7.94,4.32E+10,7.979,4.30E+10,8.018,4.27E+10,8.057,4.25E+10,8.095,4.22E+10,8.132,4.20E+10,8.169,4.17E+10,8.206,4.15E+10,8.242,4.12E+10,8.277,4.10E+10,8.312,4.08E+10,8.347,4.05E+10,8.381,4.03E+10,8.414,4.01E+10,8.447,3.99E+10,8.48,3.97E+10,8.512,3.95E+10,8.543,3.93E+10,8.574,3.91E+10,8.605,3.89E+10,8.635,3.87E+10,8.664,3.85E+10,8.693,3.83E+10,8.721,3.81E+10,8.749,3.80E+10,8.776,3.78E+10,8.803,3.76E+10,8.829,3.74E+10,8.855,3.73E+10,8.88,3.71E+10,8.904,3.69E+10,8.928,3.68E+10,8.951,3.66E+10,8.974,3.65E+10,8.996,3.63E+10,9.017,3.62E+10,9.038,3.60E+10,9.058,3.59E+10,9.077,3.57E+10,9.096,3.56E+10,9.114,3.55E+10,9.131,3.54E+10,9.148,3.52E+10,9.164,3.51E+10,9.179,3.50E+10,9.193,3.49E+10,9.207,3.48E+10,9.22,3.47E+10,9.232,3.46E+10,9.243,3.45E+10,9.253,3.44E+10,9.262,3.43E+10,9.271,3.42E+10,9.278,3.41E+10,9.285,3.40E+10,9.29,3.39E+10,9.295,3.39E+10,9.298,3.38E+10,9.3,3.37E+10,9.302,3.36E+10,9.302,3.36E+10,9.3,3.35E+10,9.298,3.35E+10,9.294,3.34E+10,9.29,3.34E+10,9.284,3.33E+10,9.276,3.33E+10,9.267,3.33E+10,9.257,3.33E+10,9.245,3.32E+10,9.231,3.32E+10,9.216,3.32E+10,9.199,3.32E+10,9.181,3.32E+10,9.16,3.32E+10,9.138,3.32E+10,9.114,3.33E+10,9.087,3.33E+10,9.059,3.33E+10,9.037,3.33E+10,9.006,3.34E+10,8.973,3.34E+10,8.938,3.35E+10,8.901,3.36E+10,8.863,3.36E+10,8.821,3.37E+10,8.778,3.38E+10,8.733,3.39E+10,8.685,3.40E+10,8.636,3.41E+10,8.584,3.42E+10,8.529,3.43E+10,8.473,3.45E+10,8.414,3.46E+10,8.353,3.48E+10,8.29,3.49E+10,8.224,3.51E+10,8.156,3.53E+10,8.086,3.54E+10,8.013,3.56E+10,7.939,3.58E+10,7.862,3.60E+10,7.783,3.63E+10,7.702,3.65E+10,7.619,3.67E+10,7.533,3.70E+10,7.446,3.73E+10,7.357,3.75E+10,7.265,3.78E+10,7.172,3.81E+10,7.077,3.84E+10,6.981,3.87E+10,6.882,3.90E+10,6.782,3.93E+10,6.68,3.97E+10,6.595,3.99E+10,6.493,4.03E+10,6.39,4.06E+10,6.286,4.10E+10
4.38E-06,6.671,5.24E+10,6.728,5.20E+10,6.784,5.15E+10,6.84,5.11E+10,6.895,5.07E+10,6.949,5.03E+10,7.003,4.99E+10,7.056,4.95E+10,7.108,4.91E+10,7.16,4.87E+10,7.211,4.83E+10,7.262,4.79E+10,7.312,4.76E+10,7.361,4.72E+10,7.41,4.69E+10,7.458,4.65E+10,7.505,4.62E+10,7.552,4.59E+10,7.599,4.55E+10,7.644,4.52E+10,7.689,4.49E+10,7.734,4.46E+10,7.778,4.43E+10,7.821,4.40E+10,7.864,4.37E+10,7.906,4.34E+10,7.948,4.31E+10,7.989,4.28E+10,8.03,4.26E+10,8.07,4.23E+10,8.11,4.21E+10,8.149,4.18E+10,8.187,4.15E+10,8.225,4.13E+10,8.262,4.11E+10,8.299,4.08E+10,8.335,4.06E+10,8.371,4.03E+10,8.406,4.01E+10,8.441,3.99E+10,8.475,3.97E+10,8.508,3.94E+10,8.541,3.92E+10,8.574,3.90E+10,8.605,3.88E+10,8.637,3.86E+10,8.667,3.84E+10,8.697,3.82E+10,8.727,3.80E+10,8.756,3.79E+10,8.784,3.77E+10,8.812,3.75E+10,8.839,3.73E+10,8.865,3.71E+10,8.891,3.70E+10,8.916,3.68E+10,8.941,3.66E+10,8.965,3.65E+10,8.988,3.63E+10,9.011,3.62E+10,9.032,3.60E+10,9.054,3.59E+10,9.074,3.57E+10,9.094,3.56E+10,9.113,3.55E+10,9.131,3.53E+10,9.148,3.52E+10,9.165,3.51E+10,9.18,3.50E+10,9.195,3.48E+10,9.209,3.47E+10,9.223,3.46E+10,9.235,3.45E+10,9.246,3.44E+10,9.256,3.43E+10,9.266,3.42E+10,9.274,3.41E+10,9.281,3.40E+10,9.288,3.39E+10,9.293,3.38E+10,9.297,3.38E+10,9.3,3.37E+10,9.301,3.36E+10,9.302,3.36E+10,9.301,3.35E+10,9.299,3.34E+10,9.295,3.34E+10,9.29,3.33E+10,9.284,3.33E+10,9.276,3.33E+10,9.266,3.32E+10,9.255,3.32E+10,9.242,3.32E+10,9.227,3.32E+10,9.211,3.32E+10,9.192,3.32E+10,9.172,3.32E+10,9.149,3.32E+10,9.125,3.32E+10,9.105,3.32E+10,9.078,3.32E+10,9.049,3.33E+10,9.018,3.33E+10,8.984,3.34E+10,8.948,3.34E+10,8.91,3.35E+10,8.87,3.36E+10,8.828,3.37E+10,8.783,3.37E+10,8.736,3.38E+10,8.686,3.40E+10,8.634,3.41E+10,8.58,3.42E+10,8.523,3.43E+10,8.463,3.45E+10,8.402,3.46E+10,8.337,3.48E+10,8.27,3.49E+10,8.201,3.51E+10,8.129,3.53E+10,8.055,3.55E+10,7.978,3.57E+10,7.899,3.59E+10,7.817,3.61E+10,7.733,3.64E+10,7.647,3.66E+10,7.558,3.69E+10,7.467,3.72E+10,7.374,3.74E+10,7.279,3.77E+10,7.182,3.80E+10,7.083,3.83E+10,6.981,3.87E+10,6.878,3.90E+10,6.79,3.93E+10,6.686,3.96E+10,6.58,3.99E+10,6.473,4.03E+10,6.365,4.07E+10,6.256,4.11E+10,6.146,4.15E+10,6.035,4.18E+10,5.923,4.22E+10,5.811,4.27E+10,5.698,4.31E+10,5.584,4.35E+10,5.47,4.39E+10,5.355,4.44E+10,5.241,4.48E+10,5.126,4.53E+10,5.011,4.58E+10
4.57E-06,6.94,5.02E+10,6.996,4.98E+10,7.052,4.94E+10,7.106,4.90E+10,7.161,4.86E+10,7.214,4.82E+10,7.267,4.78E+10,7.319,4.74E+10,7.37,4.71E+10,7.421,4.67E+10,7.471,4.64E+10,7.52,4.60E+10,7.568,4.57E+10,7.616,4.53E+10,7.664,4.50E+10,7.711,4.47E+10,7.757,4.44E+10,7.802,4.40E+10,7.847,4.37E+10,7.892,4.34E+10,7.935,4.31E+10,7.978,4.29E+10,8.021,4.26E+10,8.063,4.23E+10,8.104,4.20E+10,8.145,4.18E+10,8.185,4.15E+10,8.225,4.12E+10,8.263,4.10E+10,8.302,4.07E+10,8.34,4.05E+10,8.377,4.02E+10,8.413,4.00E+10,8.449,3.98E+10,8.485,3.95E+10,8.519,3.93E+10,8.553,3.91E+10,8.587,3.89E+10,8.62,3.87E+10,8.652,3.85E+10,8.684,3.83E+10,8.715,3.81E+10,8.745,3.79E+10,8.775,3.77E+10,8.804,3.75E+10,8.832,3.73E+10,8.86,3.71E+10,8.887,3.69E+10,8.914,3.68E+10,8.939,3.66E+10,8.964,3.64E+10,8.988,3.63E+10,9.012,3.61E+10,9.035,3.59E+10,9.057,3.58E+10,9.078,3.57E+10,9.098,3.55E+10,9.118,3.54E+10,9.136,3.52E+10,9.154,3.51E+10,9.171,3.50E+10,9.187,3.49E+10,9.202,3.47E+10,9.217,3.46E+10,9.23,3.45E+10,9.242,3.44E+10,9.253,3.43E+10,9.263,3.42E+10,9.272,3.41E+10,9.28,3.40E+10,9.287,3.39E+10,9.292,3.38E+10,9.296,3.37E+10,9.299,3.37E+10,9.301,3.36E+10,9.302,3.35E+10,9.301,3.35E+10,9.298,3.34E+10,9.294,3.33E+10,9.288,3.33E+10,9.281,3.33E+10,9.272,3.32E+10,9.261,3.32E+10,9.249,3.32E+10,9.234,3.31E+10,9.218,3.31E+10,9.199,3.31E+10,9.179,3.31E+10,9.162,3.31E+10,9.139,3.31E+10,9.113,3.32E+10,9.085,3.32E+10,9.055,3.32E+10,9.023,3.33E+10,8.989,3.33E+10,8.952,3.34E+10,8.912,3.35E+10,8.87,3.35E+10,8.826,3.36E+10,8.779,3.37E+10,8.73,3.38E+10,8.678,3.39E+10,8.623,3.40E+10,8.565,3.42E+10,8.505,3.43E+10,8.442,3.45E+10,8.377,3.46E+10,8.309,3.48E+10,8.238,3.50E+10,8.164,3.52E+10,8.088,3.54E+10,8.009,3.56E+10,7.927,3.58E+10,7.843,3.60E+10,7.756,3.63E+10,7.666,3.65E+10,7.574,3.68E+10,7.479,3.71E+10,7.383,3.74E+10,7.283,3.77E+10,7.182,3.80E+10,7.078,3.83E+10,6.972,3.86E+10,6.881,3.89E+10,6.774,3.93E+10,6.665,3.96E+10,6.555,4.00E+10,6.443,4.04E+10,6.33,4.08E+10,6.216,4.12E+10,6.101,4.16E+10,5.984,4.20E+10,5.867,4.24E+10,5.75,4.28E+10,5.631,4.33E+10,5.513,4.37E+10,5.393,4.42E+10,5.274,4.46E+10,5.154,4.51E+10,5.034,4.56E+10,4.913,4.61E+10,4.793,4.66E+10,4.673,4.71E+10,4.553,4.76E+10,4.433,4.81E+10,4.314,4.86E+10,4.194,4.92E+10,4.075,4.97E+10,3.957,5.02E+10,3.839,5.08E+10,3.721,5.13E+10
4.76E-06,7.195,4.82E+10,7.25,4.78E+10,7.304,4.74E+10,7.358,4.71E+10,7.41,4.67E+10,7.463,4.63E+10,7.514,4.60E+10,7.565,4.56E+10,7.615,4.53E+10,7.664,4.49E+10,7.713,4.46E+10,7.761,4.42E+10,7.808,4.39E+10,7.855,4.36E+10,7.901,4.33E+10,7.946,4.30E+10,7.991,4.27E+10,8.035,4.24E+10,8.078,4.21E+10,8.121,4.18E+10,8.163,4.16E+10,8.205,4.13E+10,8.246,4.10E+10,8.286,4.08E+10,8.325,4.05E+10,8.364,4.02E+10,8.402,4.00E+10,8.44,3.97E+10,8.477,3.95E+10,8.513,3.93E+10,8.549,3.91E+10,8.584,3.88E+10,8.618,3.86E+10,8.652,3.84E+10,8.685,3.82E+10,8.717,3.80E+10,8.749,3.78E+10,8.779,3.76E+10,8.81,3.74E+10,8.839,3.72E+10,8.868,3.70E+10,8.896,3.68E+10,8.923,3.66E+10,8.949,3.65E+10,8.975,3.63E+10,9,3.61E+10,9.024,3.60E+10,9.047,3.58E+10,9.07,3.57E+10,9.091,3.55E+10,9.112,3.54E+10,9.131,3.52E+10,9.15,3.51E+10,9.168,3.49E+10,9.185,3.48E+10,9.201,3.47E+10,9.216,3.46E+10,9.229,3.45E+10,9.242,3.43E+10,9.254,3.42E+10,9.264,3.41E+10,9.273,3.40E+10,9.281,3.39E+10,9.288,3.38E+10,9.293,3.37E+10,9.298,3.37E+10,9.3,3.36E+10,9.301,3.35E+10,9.301,3.34E+10,9.299,3.34E+10,9.296,3.33E+10,9.29,3.33E+10,9.283,3.32E+10,9.275,3.32E+10,9.264,3.32E+10,9.251,3.31E+10,9.236,3.31E+10,9.219,3.31E+10,9.206,3.31E+10,9.186,3.31E+10,9.164,3.31E+10,9.14,3.31E+10,9.113,3.31E+10,9.084,3.32E+10,9.053,3.32E+10,9.019,3.32E+10,8.982,3.33E+10,8.943,3.34E+10,8.902,3.34E+10,8.857,3.35E+10,8.81,3.36E+10,8.761,3.37E+10,8.708,3.38E+10,8.652,3.39E+10,8.594,3.41E+10,8.533,3.42E+10,8.469,3.44E+10,8.402,3.45E+10,8.331,3.47E+10,8.258,3.49E+10,8.182,3.51E+10,8.103,3.53E+10,8.022,3.55E+10,7.937,3.57E+10,7.849,3.60E+10,7.759,3.62E+10,7.665,3.65E+10,7.569,3.68E+10,7.471,3.70E+10,7.369,3.74E+10,7.265,3.77E+10,7.159,3.80E+10,7.065,3.83E+10,6.957,3.86E+10,6.846,3.90E+10,6.734,3.93E+10,6.62,3.97E+10,6.505,4.01E+10,6.388,4.05E+10,6.269,4.09E+10,6.15,4.13E+10,6.029,4.18E+10,5.908,4.22E+10,5.786,4.26E+10,5.663,4.31E+10,5.539,4.35E+10,5.415,4.40E+10,5.29,4.45E+10,5.165,4.50E+10,5.04,4.55E+10,4.915,4.60E+10,4.79,4.65E+10,4.665,4.70E+10,4.54,4.75E+10,4.415,4.81E+10,4.291,4.86E+10,4.167,4.92E+10,4.043,4.98E+10,3.919,5.03E+10,3.797,5.09E+10,3.674,5.15E+10,3.553,5.21E+10,3.432,5.27E+10,3.311,5.33E+10,3.192,5.39E+10,3.073,5.45E+10,2.955,5.52E+10,2.837,5.58E+10,2.721,5.64E+10,2.605,5.71E+10,2.49,5.77E+10
4.94E-06,7.434,4.64E+10,7.488,4.61E+10,7.541,4.57E+10,7.593,4.53E+10,7.645,4.50E+10,7.696,4.46E+10,7.746,4.43E+10,7.795,4.39E+10,7.844,4.36E+10,7.892,4.33E+10,7.939,4.30E+10,7.986,4.27E+10,8.032,4.24E+10,8.077,4.21E+10,8.121,4.18E+10,8.165,4.15E+10,8.208,4.12E+10,8.251,4.09E+10,8.292,4.06E+10,8.333,4.04E+10,8.374,4.01E+10,8.413,3.98E+10,8.452,3.96E+10,8.49,3.94E+10,8.528,3.91E+10,8.564,3.89E+10,8.6,3.87E+10,8.636,3.84E+10,8.67,3.82E+10,8.704,3.80E+10,8.737,3.78E+10,8.77,3.76E+10,8.801,3.74E+10,8.832,3.72E+10,8.862,3.70E+10,8.891,3.68E+10,8.92,3.66E+10,8.947,3.64E+10,8.974,3.62E+10,9,3.61E+10,9.025,3.59E+10,9.049,3.57E+10,9.072,3.56E+10,9.094,3.54E+10,9.115,3.53E+10,9.136,3.51E+10,9.155,3.50E+10,9.173,3.49E+10,9.19,3.47E+10,9.207,3.46E+10,9.222,3.45E+10,9.235,3.43E+10,9.248,3.42E+10,9.259,3.41E+10,9.27,3.40E+10,9.278,3.39E+10,9.286,3.38E+10,9.292,3.37E+10,9.297,3.36E+10,9.3,3.35E+10,9.301,3.35E+10,9.301,3.34E+10,9.299,3.33E+10,9.295,3.33E+10,9.29,3.32E+10,9.282,3.32E+10,9.273,3.31E+10,9.261,3.31E+10,9.247,3.31E+10,9.237,3.30E+10,9.22,3.30E+10,9.201,3.30E+10,9.18,3.30E+10,9.156,3.30E+10,9.13,3.31E+10,9.101,3.31E+10,9.07,3.31E+10,9.036,3.32E+10,8.999,3.32E+10,8.96,3.33E+10,8.918,3.33E+10,8.873,3.34E+10,8.825,3.35E+10,8.774,3.36E+10,8.72,3.37E+10,8.663,3.39E+10,8.603,3.40E+10,8.54,3.41E+10,8.473,3.43E+10,8.403,3.45E+10,8.331,3.46E+10,8.254,3.48E+10,8.175,3.50E+10,8.093,3.52E+10,8.007,3.55E+10,7.918,3.57E+10,7.826,3.60E+10,7.731,3.62E+10,7.633,3.65E+10,7.532,3.68E+10,7.428,3.71E+10,7.322,3.74E+10,7.212,3.78E+10,7.116,3.81E+10,7.004,3.84E+10,6.89,3.88E+10,6.774,3.91E+10,6.657,3.95E+10,6.537,3.99E+10,6.416,4.03E+10,6.293,4.08E+10,6.169,4.12E+10,6.044,4.16E+10,5.918,4.21E+10,5.791,4.25E+10,5.663,4.30E+10,5.534,4.35E+10,5.405,4.40E+10,5.276,4.45E+10,5.146,4.50E+10,5.016,4.55E+10,4.886,4.61E+10,4.756,4.66E+10,4.626,4.71E+10,4.496,4.77E+10,4.366,4.82E+10,4.237,4.88E+10,4.108,4.94E+10,3.979,5.00E+10,3.851,5.06E+10,3.724,5.12E+10,3.597,5.18E+10,3.471,5.24E+10,3.345,5.30E+10,3.221,5.36E+10,3.097,5.43E+10,2.974,5.50E+10,2.851,5.56E+10,2.73,5.63E+10,2.609,5.69E+10,2.49,5.76E+10,2.371,5.83E+10,2.253,5.90E+10,2.136,5.97E+10,2.02,6.05E+10,1.927,6.11E+10,1.814,6.18E+10,1.703,6.25E+10,1.593,6.32E+10,1.483,6.40E+10,1.375,6.48E+10
5.13E-06,7.659,4.48E+10,7.712,4.44E+10,7.764,4.40E+10,7.815,4.37E+10,7.865,4.34E+10,7.914,4.30E+10,7.963,4.27E+10,8.011,4.24E+10,8.058,4.21E+10,8.105,4.18E+10,8.15,4.15E+10,8.195,4.12E+10,8.24,4.09E+10,8.283,4.06E+10,8.326,4.03E+10,8.368,4.01E+10,8.409,3.98E+10,8.449,3.95E+10,8.489,3.93E+10,8.528,3.91E+10,8.566,3.88E+10,8.603,3.86E+10,8.64,3.83E+10,8.676,3.81E+10,8.711,3.79E+10,8.745,3.77E+10,8.778,3.75E+10,8.811,3.72E+10,8.842,3.70E+10,8.873,3.68E+10,8.903,3.66E+10,8.932,3.64E+10,8.96,3.63E+10,8.988,3.61E+10,9.014,3.59E+10,9.039,3.57E+10,9.064,3.56E+10,9.087,3.54E+10,9.11,3.53E+10,9.131,3.51E+10,9.151,3.50E+10,9.17,3.48E+10,9.188,3.47E+10,9.205,3.45E+10,9.221,3.44E+10,9.235,3.43E+10,9.248,3.42E+10,9.26,3.40E+10,9.271,3.39E+10,9.279,3.38E+10,9.287,3.37E+10,9.293,3.36E+10,9.297,3.35E+10,9.3,3.35E+10,9.301,3.34E+10,9.3,3.33E+10,9.297,3.32E+10,9.292,3.32E+10,9.285,3.31E+10,9.276,3.31E+10,9.27,3.31E+10,9.257,3.30E+10,9.243,3.30E+10,9.226,3.30E+10,9.207,3.30E+10,9.185,3.30E+10,9.161,3.30E+10,9.134,3.30E+10,9.105,3.30E+10,9.073,3.31E+10,9.038,3.31E+10,9,3.32E+10,8.959,3.32E+10,8.915,3.33E+10,8.868,3.34E+10,8.818,3.35E+10,8.765,3.36E+10,8.708,3.37E+10,8.648,3.38E+10,8.585,3.40E+10,8.518,3.41E+10,8.448,3.43E+10,8.374,3.45E+10,8.297,3.47E+10,8.217,3.49E+10,8.133,3.51E+10,8.045,3.53E+10,7.954,3.56E+10,7.86,3.58E+10,7.763,3.61E+10,7.662,3.64E+10,7.557,3.67E+10,7.45,3.70E+10,7.339,3.73E+10,7.241,3.76E+10,7.128,3.80E+10,7.012,3.83E+10,6.894,3.87E+10,6.773,3.91E+10,6.651,3.95E+10,6.527,3.99E+10,6.401,4.03E+10,6.273,4.08E+10,6.144,4.12E+10,6.014,4.17E+10,5.883,4.21E+10,5.751,4.26E+10,5.618,4.31E+10,5.484,4.36E+10,5.35,4.41E+10,5.215,4.46E+10,5.08,4.52E+10,4.945,4.57E+10,4.81,4.63E+10,4.675,4.68E+10,4.54,4.74E+10,4.405,4.80E+10,4.271,4.86E+10,4.137,4.92E+10,4.003,4.98E+10,3.87,5.04E+10,3.738,5.10E+10,3.606,5.16E+10,3.475,5.22E+10,3.345,5.29E+10,3.215,5.36E+10,3.086,5.42E+10,2.959,5.49E+10,2.832,5.56E+10,2.706,5.63E+10,2.581,5.70E+10,2.456,5.77E+10,2.333,5.84E+10,2.211,5.92E+10,2.111,5.98E+10,1.993,6.05E+10,1.876,6.13E+10,1.759,6.20E+10,1.644,6.27E+10,1.53,6.35E+10,1.418,6.43E+10,1.306,6.52E+10,1.195,6.60E+10,1.086,6.68E+10,9.77E-01,6.77E+10,8.70E-01,6.85E+10,7.63E-01,6.93E+10,6.58E-01,7.03E+10,5.54E-01,7.12E+10,4.51E-01,7.21E+10,3.49E-01,7.31E+10
5.32E-06,7.871,4.32E+10,7.922,4.29E+10,7.973,4.26E+10,8.022,4.22E+10,8.071,4.19E+10,8.119,4.16E+10,8.166,4.13E+10,8.212,4.10E+10,8.258,4.07E+10,8.302,4.04E+10,8.346,4.01E+10,8.389,3.98E+10,8.432,3.96E+10,8.473,3.93E+10,8.514,3.91E+10,8.554,3.88E+10,8.593,3.86E+10,8.631,3.83E+10,8.668,3.81E+10,8.704,3.79E+10,8.74,3.76E+10,8.775,3.74E+10,8.808,3.72E+10,8.841,3.70E+10,8.873,3.68E+10,8.904,3.66E+10,8.934,3.64E+10,8.964,3.62E+10,8.992,3.60E+10,9.019,3.58E+10,9.045,3.56E+10,9.07,3.55E+10,9.094,3.53E+10,9.117,3.51E+10,9.139,3.50E+10,9.159,3.48E+10,9.179,3.47E+10,9.197,3.45E+10,9.213,3.44E+10,9.229,3.43E+10,9.243,3.41E+10,9.256,3.40E+10,9.267,3.39E+10,9.277,3.38E+10,9.285,3.37E+10,9.291,3.36E+10,9.296,3.35E+10,9.299,3.34E+10,9.3,3.33E+10,9.299,3.33E+10,9.296,3.32E+10,9.291,3.31E+10,9.284,3.31E+10,9.279,3.30E+10,9.268,3.30E+10,9.255,3.30E+10,9.24,3.29E+10,9.222,3.29E+10,9.202,3.29E+10,9.178,3.29E+10,9.153,3.29E+10,9.124,3.30E+10,9.092,3.30E+10,9.058,3.30E+10,9.02,3.31E+10,8.98,3.31E+10,8.936,3.32E+10,8.888,3.33E+10,8.838,3.34E+10,8.784,3.35E+10,8.726,3.36E+10,8.665,3.37E+10,8.6,3.39E+10,8.532,3.40E+10,8.459,3.42E+10,8.384,3.44E+10,8.304,3.46E+10,8.221,3.48E+10,8.134,3.50E+10,8.043,3.53E+10,7.949,3.55E+10,7.85,3.58E+10,7.749,3.61E+10,7.643,3.64E+10,7.534,3.67E+10,7.422,3.70E+10,7.322,3.73E+10,7.206,3.77E+10,7.088,3.80E+10,6.967,3.84E+10,6.843,3.88E+10,6.717,3.92E+10,6.59,3.96E+10,6.46,4.00E+10,6.328,4.05E+10,6.195,4.10E+10,6.061,4.14E+10,5.925,4.19E+10,5.789,4.24E+10,5.651,4.29E+10,5.512,4.34E+10,5.373,4.39E+10,5.234,4.45E+10,5.094,4.50E+10,4.954,4.56E+10,4.814,4.62E+10,4.674,4.67E+10,4.534,4.73E+10,4.394,4.79E+10,4.255,4.85E+10,4.116,4.92E+10,3.977,4.98E+10,3.839,5.04E+10,3.702,5.11E+10,3.566,5.17E+10,3.43,5.24E+10,3.295,5.30E+10,3.161,5.37E+10,3.028,5.44E+10,2.895,5.51E+10,2.764,5.58E+10,2.634,5.66E+10,2.504,5.73E+10,2.376,5.80E+10,2.271,5.86E+10,2.147,5.94E+10,2.024,6.02E+10,1.902,6.09E+10,1.781,6.17E+10,1.662,6.25E+10,1.543,6.33E+10,1.426,6.41E+10,1.31,6.50E+10,1.196,6.58E+10,1.082,6.67E+10,9.70E-01,6.75E+10,8.58E-01,6.84E+10,7.48E-01,6.93E+10,6.39E-01,7.02E+10,5.31E-01,7.12E+10,4.25E-01,7.22E+10,3.19E-01,7.31E+10,2.15E-01,7.41E+10,1.11E-01,7.51E+10,8.75E-03,7.62E+10,-9.26E-02,7.73E+10,-1.93E-01,7.84E+10,-2.92E-01,7.95E+10,-3.90E-01,8.07E+10,-4.88E-01,8.18E+10,-5.84E-01,8.30E+10
5.51E-06,8.07,4.18E+10,8.12,4.15E+10,8.168,4.12E+10,8.216,4.09E+10,8.263,4.06E+10,8.309,4.03E+10,8.355,4.00E+10,8.399,3.97E+10,8.443,3.94E+10,8.485,3.92E+10,8.527,3.89E+10,8.568,3.86E+10,8.608,3.84E+10,8.647,3.81E+10,8.685,3.79E+10,8.723,3.77E+10,8.759,3.74E+10,8.794,3.72E+10,8.829,3.70E+10,8.862,3.68E+10,8.895,3.65E+10,8.926,3.63E+10,8.957,3.61E+10,8.986,3.59E+10,9.014,3.58E+10,9.041,3.56E+10,9.068,3.54E+10,9.092,3.52E+10,9.116,3.51E+10,9.139,3.49E+10,9.16,3.48E+10,9.18,3.46E+10,9.199,3.45E+10,9.216,3.43E+10,9.232,3.42E+10,9.246,3.41E+10,9.259,3.39E+10,9.27,3.38E+10,9.279,3.37E+10,9.287,3.36E+10,9.293,3.35E+10,9.297,3.34E+10,9.299,3.33E+10,9.299,3.32E+10,9.297,3.32E+10,9.292,3.31E+10,9.291,3.30E+10,9.283,3.30E+10,9.272,3.29E+10,9.259,3.29E+10,9.244,3.29E+10,9.226,3.29E+10,9.205,3.29E+10,9.182,3.29E+10,9.156,3.29E+10,9.126,3.29E+10,9.094,3.29E+10,9.058,3.30E+10,9.019,3.30E+10,8.977,3.31E+10,8.931,3.31E+10,8.882,3.32E+10,8.829,3.33E+10,8.772,3.35E+10,8.711,3.36E+10,8.647,3.37E+10,8.579,3.39E+10,8.507,3.40E+10,8.431,3.42E+10,8.35,3.44E+10,8.266,3.46E+10,8.178,3.48E+10,8.086,3.51E+10,7.99,3.53E+10,7.89,3.56E+10,7.786,3.59E+10,7.678,3.62E+10,7.566,3.65E+10,7.451,3.69E+10,7.348,3.72E+10,7.229,3.75E+10,7.107,3.79E+10,6.982,3.83E+10,6.854,3.87E+10,6.724,3.91E+10,6.592,3.95E+10,6.457,4.00E+10,6.321,4.04E+10,6.183,4.09E+10,6.044,4.14E+10,5.903,4.19E+10,5.762,4.24E+10,5.619,4.29E+10,5.475,4.35E+10,5.331,4.40E+10,5.187,4.46E+10,5.042,4.52E+10,4.897,4.57E+10,4.751,4.63E+10,4.606,4.69E+10,4.461,4.75E+10,4.317,4.82E+10,4.173,4.88E+10,4.029,4.95E+10,3.886,5.01E+10,3.744,5.08E+10,3.602,5.14E+10,3.461,5.21E+10,3.321,5.28E+10,3.182,5.35E+10,3.044,5.42E+10,2.907,5.50E+10,2.77,5.57E+10,2.635,5.64E+10,2.522,5.70E+10,2.391,5.78E+10,2.261,5.86E+10,2.132,5.93E+10,2.005,6.01E+10,1.879,6.09E+10,1.755,6.17E+10,1.631,6.25E+10,1.509,6.33E+10,1.388,6.42E+10,1.269,6.51E+10,1.15,6.60E+10,1.033,6.69E+10,9.17E-01,6.77E+10,8.03E-01,6.86E+10,6.89E-01,6.96E+10,5.77E-01,7.06E+10,4.66E-01,7.16E+10,3.57E-01,7.26E+10,2.48E-01,7.36E+10,1.41E-01,7.46E+10,3.42E-02,7.56E+10,-7.09E-02,7.68E+10,-1.75E-01,7.79E+10,-2.78E-01,7.91E+10,-3.80E-01,8.03E+10,-4.81E-01,8.14E+10,-5.80E-01,8.27E+10,-6.79E-01,8.39E+10,-7.77E-01,8.53E+10,-8.73E-01,8.67E+10,-9.69E-01,8.81E+10,-1.064,8.96E+10,-1.158,9.10E+10,-1.25,9.26E+10,-1.342,9.43E+10,-1.433,9.60E+10
5.69E-06,8.256,4.05E+10,8.304,4.02E+10,8.351,3.99E+10,8.397,3.96E+10,8.442,3.93E+10,8.486,3.91E+10,8.529,3.88E+10,8.571,3.85E+10,8.613,3.83E+10,8.653,3.80E+10,8.692,3.78E+10,8.731,3.75E+10,8.768,3.73E+10,8.804,3.71E+10,8.84,3.68E+10,8.874,3.66E+10,8.907,3.64E+10,8.939,3.62E+10,8.97,3.60E+10,9,3.58E+10,9.029,3.56E+10,9.056,3.54E+10,9.082,3.52E+10,9.107,3.51E+10,9.131,3.49E+10,9.154,3.47E+10,9.175,3.46E+10,9.194,3.44E+10,9.212,3.43E+10,9.229,3.41E+10,9.244,3.40E+10,9.257,3.39E+10,9.269,3.37E+10,9.279,3.36E+10,9.286,3.35E+10,9.292,3.34E+10,9.296,3.33E+10,9.298,3.32E+10,9.298,3.32E+10,9.299,3.31E+10,9.295,3.30E+10,9.289,3.30E+10,9.28,3.29E+10,9.268,3.29E+10,9.254,3.28E+10,9.237,3.28E+10,9.218,3.28E+10,9.195,3.28E+10,9.17,3.28E+10,9.141,3.28E+10,9.109,3.28E+10,9.073,3.29E+10,9.034,3.29E+10,8.992,3.30E+10,8.946,3.31E+10,8.896,3.31E+10,8.842,3.32E+10,8.784,3.34E+10,8.722,3.35E+10,8.656,3.36E+10,8.586,3.38E+10,8.512,3.40E+10,8.433,3.41E+10,8.351,3.43E+10,8.263,3.46E+10,8.172,3.48E+10,8.076,3.50E+10,7.976,3.53E+10,7.872,3.56E+10,7.764,3.59E+10,7.651,3.62E+10,7.534,3.65E+10,7.43,3.68E+10,7.308,3.72E+10,7.184,3.76E+10,7.056,3.80E+10,6.926,3.84E+10,6.793,3.88E+10,6.657,3.92E+10,6.519,3.97E+10,6.379,4.02E+10,6.237,4.06E+10,6.094,4.12E+10,5.949,4.17E+10,5.802,4.22E+10,5.655,4.27E+10,5.507,4.33E+10,5.358,4.38E+10,5.208,4.44E+10,5.059,4.50E+10,4.908,4.56E+10,4.758,4.62E+10,4.608,4.68E+10,4.458,4.74E+10,4.309,4.81E+10,4.16,4.87E+10,4.011,4.94E+10,3.863,5.01E+10,3.716,5.08E+10,3.569,5.15E+10,3.424,5.22E+10,3.279,5.29E+10,3.135,5.36E+10,2.993,5.44E+10,2.851,5.51E+10,2.711,5.59E+10,2.593,5.65E+10,2.456,5.73E+10,2.322,5.80E+10,2.188,5.88E+10,2.056,5.97E+10,1.925,6.05E+10,1.796,6.13E+10,1.668,6.21E+10,1.541,6.29E+10,1.416,6.38E+10,1.292,6.47E+10,1.169,6.56E+10,1.048,6.65E+10,9.28E-01,6.75E+10,8.10E-01,6.84E+10,6.92E-01,6.93E+10,5.76E-01,7.03E+10,4.62E-01,7.14E+10,3.48E-01,7.24E+10,2.36E-01,7.35E+10,1.25E-01,7.45E+10,1.53E-02,7.56E+10,-9.32E-02,7.67E+10,-2.01E-01,7.79E+10,-3.07E-01,7.91E+10,-4.12E-01,8.03E+10,-5.16E-01,8.16E+10,-6.18E-01,8.28E+10,-7.20E-01,8.42E+10,-8.21E-01,8.56E+10,-9.20E-01,8.70E+10,-1.018,8.85E+10,-1.116,8.99E+10,-1.212,9.15E+10,-1.308,9.32E+10,-1.402,9.49E+10,-1.496,9.67E+10,-1.588,9.85E+10,-1.68, ,-1.77, ,-1.86, ,-1.949, ,-2.037, ,-2.124, ,-2.21, 
5.88E-06,8.429,3.93E+10,8.475,3.90E+10,8.52,3.88E+10,8.564,3.85E+10,8.606,3.82E+10,8.648,3.80E+10,8.689,3.77E+10,8.729,3.74E+10,8.767,3.72E+10,8.805,3.70E+10,8.841,3.67E+10,8.877,3.65E+10,8.911,3.63E+10,8.944,3.61E+10,8.976,3.59E+10,9.006,3.57E+10,9.036,3.55E+10,9.064,3.53E+10,9.09,3.51E+10,9.116,3.49E+10,9.14,3.47E+10,9.162,3.46E+10,9.183,3.44E+10,9.203,3.43E+10,9.221,3.41E+10,9.237,3.40E+10,9.251,3.38E+10,9.264,3.37E+10,9.275,3.36E+10,9.284,3.35E+10,9.29,3.34E+10,9.295,3.33E+10,9.297,3.32E+10,9.301,3.31E+10,9.3,3.30E+10,9.296,3.29E+10,9.289,3.29E+10,9.28,3.28E+10,9.269,3.28E+10,9.254,3.28E+10,9.237,3.27E+10,9.216,3.27E+10,9.193,3.27E+10,9.166,3.27E+10,9.135,3.28E+10,9.102,3.28E+10,9.064,3.28E+10,9.023,3.29E+10,8.978,3.29E+10,8.929,3.30E+10,8.876,3.31E+10,8.819,3.32E+10,8.757,3.33E+10,8.692,3.35E+10,8.622,3.36E+10,8.547,3.38E+10,8.468,3.40E+10,8.384,3.42E+10,8.296,3.44E+10,8.203,3.46E+10,8.105,3.49E+10,8.003,3.52E+10,7.896,3.54E+10,7.785,3.57E+10,7.669,3.61E+10,7.563,3.64E+10,7.442,3.67E+10,7.317,3.71E+10,7.189,3.75E+10,7.057,3.79E+10,6.922,3.83E+10,6.785,3.87E+10,6.644,3.92E+10,6.502,3.97E+10,6.357,4.01E+10,6.21,4.07E+10,6.061,4.12E+10,5.911,4.17E+10,5.759,4.22E+10,5.607,4.28E+10,5.453,4.34E+10,5.299,4.39E+10,5.145,4.46E+10,4.99,4.52E+10,4.835,4.58E+10,4.679,4.64E+10,4.524,4.71E+10,4.37,4.77E+10,4.215,4.84E+10,4.062,4.91E+10,3.908,4.98E+10,3.756,5.05E+10,3.604,5.12E+10,3.454,5.19E+10,3.304,5.26E+10,3.155,5.34E+10,3.007,5.41E+10,2.861,5.49E+10,2.736,5.56E+10,2.595,5.63E+10,2.454,5.71E+10,2.315,5.79E+10,2.177,5.87E+10,2.041,5.96E+10,1.906,6.04E+10,1.773,6.13E+10,1.641,6.21E+10,1.51,6.30E+10,1.381,6.39E+10,1.253,6.48E+10,1.127,6.57E+10,1.002,6.67E+10,8.79E-01,6.76E+10,7.57E-01,6.86E+10,6.37E-01,6.96E+10,5.17E-01,7.06E+10,4.00E-01,7.17E+10,2.83E-01,7.28E+10,1.68E-01,7.38E+10,5.41E-02,7.49E+10,-5.84E-02,7.60E+10,-1.70E-01,7.72E+10,-2.80E-01,7.85E+10,-3.88E-01,7.97E+10,-4.96E-01,8.10E+10,-6.02E-01,8.23E+10,-7.08E-01,8.36E+10,-8.12E-01,8.50E+10,-9.14E-01,8.65E+10,-1.016,8.80E+10,-1.117,8.95E+10,-1.216,9.11E+10,-1.315,9.28E+10,-1.412,9.46E+10,-1.509,9.64E+10,-1.604,9.83E+10,-1.699, ,-1.792, ,-1.884, ,-1.976, ,-2.067, ,-2.156, ,-2.245, ,-2.333, ,-2.42, ,-2.506, ,-2.592, ,-2.676, ,-2.76, ,-2.843, ,-2.925, 
6.07E-06,8.589,3.82E+10,8.633,3.80E+10,8.675,3.77E+10,8.717,3.74E+10,8.757,3.72E+10,8.796,3.69E+10,8.834,3.67E+10,8.87,3.64E+10,8.906,3.62E+10,8.94,3.60E+10,8.973,3.58E+10,9.005,3.56E+10,9.035,3.54E+10,9.064,3.52E+10,9.092,3.50E+10,9.118,3.48E+10,9.142,3.46E+10,9.165,3.45E+10,9.187,3.43E+10,9.206,3.42E+10,9.225,3.40E+10,9.241,3.39E+10,9.255,3.37E+10,9.267,3.36E+10,9.278,3.35E+10,9.286,3.34E+10,9.292,3.33E+10,9.299,3.31E+10,9.301,3.31E+10,9.301,3.30E+10,9.298,3.29E+10,9.292,3.28E+10,9.284,3.28E+10,9.273,3.27E+10,9.259,3.27E+10,9.242,3.27E+10,9.222,3.27E+10,9.198,3.27E+10,9.171,3.27E+10,9.14,3.27E+10,9.106,3.27E+10,9.068,3.27E+10,9.025,3.28E+10,8.979,3.29E+10,8.929,3.29E+10,8.874,3.30E+10,8.815,3.32E+10,8.751,3.33E+10,8.682,3.34E+10,8.609,3.36E+10,8.531,3.38E+10,8.449,3.40E+10,8.361,3.42E+10,8.268,3.44E+10,8.171,3.46E+10,8.069,3.49E+10,7.961,3.52E+10,7.849,3.55E+10,7.732,3.58E+10,7.624,3.61E+10,7.501,3.65E+10,7.374,3.68E+10,7.243,3.72E+10,7.108,3.77E+10,6.97,3.81E+10,6.829,3.85E+10,6.685,3.90E+10,6.539,3.94E+10,6.39,3.99E+10,6.239,4.05E+10,6.086,4.10E+10,5.931,4.15E+10,5.775,4.21E+10,5.617,4.27E+10,5.459,4.32E+10,5.3,4.38E+10,5.14,4.45E+10,4.98,4.51E+10,4.82,4.57E+10,4.66,4.64E+10,4.5,4.70E+10,4.34,4.77E+10,4.181,4.84E+10,4.022,4.91E+10,3.864,4.98E+10,3.707,5.06E+10,3.551,5.13E+10,3.396,5.20E+10,3.241,5.28E+10,3.088,5.36E+10,2.936,5.44E+10,2.807,5.50E+10,2.66,5.58E+10,2.514,5.66E+10,2.37,5.74E+10,2.227,5.83E+10,2.086,5.91E+10,1.947,6.00E+10,1.808,6.09E+10,1.672,6.17E+10,1.537,6.26E+10,1.403,6.35E+10,1.271,6.45E+10,1.141,6.54E+10,1.012,6.64E+10,8.85E-01,6.74E+10,7.59E-01,6.83E+10,6.34E-01,6.93E+10,5.12E-01,7.04E+10,3.90E-01,7.15E+10,2.70E-01,7.26E+10,1.51E-01,7.37E+10,3.41E-02,7.48E+10,-8.18E-02,7.60E+10,-1.96E-01,7.72E+10,-3.10E-01,7.85E+10,-4.21E-01,7.98E+10,-5.32E-01,8.11E+10,-6.41E-01,8.24E+10,-7.49E-01,8.38E+10,-8.56E-01,8.53E+10,-9.62E-01,8.68E+10,-1.066,8.83E+10,-1.17,8.99E+10,-1.272,9.15E+10,-1.373,9.33E+10,-1.473,9.52E+10,-1.572,9.70E+10,-1.669,9.89E+10,-1.766, ,-1.862, ,-1.957, ,-2.05, ,-2.143, ,-2.235, ,-2.326, ,-2.416, ,-2.505, ,-2.593, ,-2.68, ,-2.767, ,-2.852, ,-2.937, ,-3.021, ,-3.104, ,-3.186, ,-3.268, ,-3.349, ,-3.429, ,-3.508, ,-3.587, 
6.26E-06,8.736,3.72E+10,8.777,3.69E+10,8.817,3.67E+10,8.855,3.64E+10,8.892,3.62E+10,8.928,3.60E+10,8.962,3.58E+10,8.995,3.56E+10,9.027,3.53E+10,9.057,3.51E+10,9.086,3.50E+10,9.113,3.48E+10,9.139,3.46E+10,9.163,3.44E+10,9.185,3.42E+10,9.205,3.41E+10,9.224,3.39E+10,9.241,3.38E+10,9.255,3.36E+10,9.268,3.35E+10,9.278,3.34E+10,9.286,3.33E+10,9.296,3.31E+10,9.3,3.30E+10,9.301,3.30E+10,9.3,3.29E+10,9.296,3.28E+10,9.29,3.27E+10,9.28,3.27E+10,9.268,3.26E+10,9.252,3.26E+10,9.233,3.26E+10,9.211,3.26E+10,9.185,3.26E+10,9.155,3.26E+10,9.121,3.26E+10,9.083,3.27E+10,9.041,3.27E+10,8.995,3.28E+10,8.944,3.28E+10,8.889,3.29E+10,8.829,3.30E+10,8.765,3.32E+10,8.695,3.33E+10,8.62,3.35E+10,8.541,3.37E+10,8.456,3.39E+10,8.366,3.41E+10,8.271,3.43E+10,8.17,3.46E+10,8.064,3.48E+10,7.953,3.51E+10,7.837,3.54E+10,7.716,3.58E+10,7.605,3.61E+10,7.477,3.64E+10,7.345,3.68E+10,7.209,3.73E+10,7.07,3.77E+10,6.926,3.81E+10,6.78,3.86E+10,6.631,3.91E+10,6.478,3.95E+10,6.324,4.01E+10,6.167,4.06E+10,6.008,4.12E+10,5.848,4.17E+10,5.686,4.23E+10,5.523,4.29E+10,5.36,4.35E+10,5.195,4.41E+10,5.03,4.48E+10,4.865,4.54E+10,4.7,4.61E+10,4.535,4.68E+10,4.37,4.75E+10,4.206,4.82E+10,4.042,4.89E+10,3.879,4.96E+10,3.717,5.04E+10,3.555,5.11E+10,3.395,5.19E+10,3.236,5.27E+10,3.078,5.35E+10,2.942,5.42E+10,2.789,5.50E+10,2.638,5.58E+10,2.488,5.66E+10,2.34,5.74E+10,2.193,5.83E+10,2.048,5.92E+10,1.904,6.01E+10,1.762,6.10E+10,1.622,6.18E+10,1.484,6.27E+10,1.347,6.37E+10,1.211,6.47E+10,1.078,6.57E+10,9.46E-01,6.67E+10,8.15E-01,6.77E+10,6.86E-01,6.87E+10,5.59E-01,6.97E+10,4.33E-01,7.08E+10,3.09E-01,7.20E+10,1.86E-01,7.31E+10,6.46E-02,7.42E+10,-5.53E-02,7.54E+10,-1.74E-01,7.66E+10,-2.91E-01,7.79E+10,-4.06E-01,7.92E+10,-5.20E-01,8.05E+10,-6.33E-01,8.19E+10,-7.45E-01,8.32E+10,-8.55E-01,8.48E+10,-9.64E-01,8.63E+10,-1.071,8.79E+10,-1.178,8.95E+10,-1.283,9.11E+10,-1.387,9.30E+10,-1.49,9.49E+10,-1.592,9.68E+10,-1.692,9.88E+10,-1.792, ,-1.89, ,-1.987, ,-2.084, ,-2.179, ,-2.273, ,-2.367, ,-2.459, ,-2.55, ,-2.641, ,-2.73, ,-2.819, ,-2.907, ,-2.993, ,-3.079, ,-3.165, ,-3.249, ,-3.333, ,-3.415, ,-3.497, ,-3.578, ,-3.658, ,-3.738, ,-3.817, ,-3.895, ,-3.972, ,-4.049, ,-4.125, ,-4.2, 
6.44E-06,8.869,3.63E+10,8.907,3.60E+10,8.943,3.58E+10,8.978,3.56E+10,9.012,3.54E+10,9.043,3.52E+10,9.074,3.49E+10,9.102,3.48E+10,9.129,3.46E+10,9.154,3.44E+10,9.178,3.42E+10,9.199,3.40E+10,9.219,3.39E+10,9.237,3.37E+10,9.252,3.36E+10,9.265,3.34E+10,9.276,3.33E+10,9.288,3.32E+10,9.295,3.31E+10,9.299,3.30E+10,9.301,3.29E+10,9.3,3.28E+10,9.296,3.27E+10,9.289,3.27E+10,9.279,3.26E+10,9.266,3.26E+10,9.249,3.25E+10,9.229,3.25E+10,9.205,3.25E+10,9.177,3.25E+10,9.145,3.25E+10,9.109,3.25E+10,9.069,3.26E+10,9.024,3.26E+10,8.975,3.27E+10,8.921,3.28E+10,8.862,3.29E+10,8.798,3.30E+10,8.729,3.32E+10,8.654,3.33E+10,8.574,3.35E+10,8.489,3.37E+10,8.398,3.39E+10,8.302,3.42E+10,8.2,3.44E+10,8.092,3.47E+10,7.979,3.50E+10,7.86,3.53E+10,7.749,3.56E+10,7.623,3.59E+10,7.492,3.63E+10,7.356,3.67E+10,7.217,3.71E+10,7.073,3.76E+10,6.926,3.80E+10,6.775,3.85E+10,6.621,3.90E+10,6.464,3.95E+10,6.304,4.00E+10,6.142,4.06E+10,5.979,4.12E+10,5.813,4.18E+10,5.646,4.23E+10,5.478,4.30E+10,5.309,4.36E+10,5.14,4.42E+10,4.97,4.49E+10,4.799,4.56E+10,4.629,4.63E+10,4.459,4.70E+10,4.29,4.77E+10,4.121,4.84E+10,3.952,4.92E+10,3.785,4.99E+10,3.618,5.07E+10,3.452,5.15E+10,3.288,5.22E+10,3.124,5.31E+10,2.985,5.38E+10,2.827,5.46E+10,2.67,5.54E+10,2.516,5.63E+10,2.363,5.71E+10,2.211,5.80E+10,2.061,5.89E+10,1.913,5.98E+10,1.767,6.07E+10,1.623,6.16E+10,1.48,6.26E+10,1.339,6.35E+10,1.2,6.45E+10,1.062,6.55E+10,9.26E-01,6.66E+10,7.92E-01,6.76E+10,6.60E-01,6.86E+10,5.29E-01,6.97E+10,4.00E-01,7.08E+10,2.72E-01,7.20E+10,1.46E-01,7.31E+10,2.17E-02,7.43E+10,-1.01E-01,7.55E+10,-2.23E-01,7.68E+10,-3.42E-01,7.81E+10,-4.61E-01,7.95E+10,-5.78E-01,8.08E+10,-6.93E-01,8.22E+10,-8.07E-01,8.37E+10,-9.20E-01,8.52E+10,-1.031,8.68E+10,-1.142,8.85E+10,-1.25,9.01E+10,-1.358,9.19E+10,-1.464,9.38E+10,-1.569,9.57E+10,-1.673,9.77E+10,-1.776,9.98E+10,-1.877, ,-1.978, ,-2.077, ,-2.175, ,-2.272, ,-2.368, ,-2.464, ,-2.558, ,-2.651, ,-2.743, ,-2.834, ,-2.924, ,-3.013, ,-3.102, ,-3.189, ,-3.276, ,-3.362, ,-3.447, ,-3.531, ,-3.614, ,-3.696, ,-3.778, ,-3.858, ,-3.938, ,-4.018, ,-4.096, ,-4.174, ,-4.251, ,-4.328, ,-4.403, ,-4.479, ,-4.553, ,-4.627, ,-4.7, ,-4.773, 
6.63E-06,8.988,3.54E+10,9.022,3.52E+10,9.054,3.50E+10,9.084,3.48E+10,9.113,3.46E+10,9.14,3.44E+10,9.165,3.42E+10,9.188,3.40E+10,9.209,3.39E+10,9.229,3.37E+10,9.245,3.36E+10,9.26,3.34E+10,9.275,3.33E+10,9.285,3.31E+10,9.293,3.30E+10,9.298,3.29E+10,9.301,3.28E+10,9.3,3.27E+10,9.297,3.27E+10,9.29,3.26E+10,9.281,3.25E+10,9.267,3.25E+10,9.25,3.25E+10,9.23,3.24E+10,9.205,3.24E+10,9.177,3.24E+10,9.144,3.24E+10,9.107,3.25E+10,9.065,3.25E+10,9.018,3.26E+10,8.967,3.27E+10,8.91,3.27E+10,8.848,3.29E+10,8.781,3.30E+10,8.708,3.31E+10,8.63,3.33E+10,8.546,3.35E+10,8.456,3.37E+10,8.361,3.39E+10,8.259,3.42E+10,8.151,3.44E+10,8.038,3.47E+10,7.919,3.51E+10,7.806,3.54E+10,7.678,3.57E+10,7.545,3.61E+10,7.408,3.65E+10,7.265,3.69E+10,7.119,3.73E+10,6.968,3.78E+10,6.814,3.83E+10,6.656,3.88E+10,6.495,3.93E+10,6.331,3.98E+10,6.165,4.04E+10,5.997,4.10E+10,5.827,4.16E+10,5.655,4.22E+10,5.482,4.28E+10,5.308,4.35E+10,5.134,4.41E+10,4.959,4.48E+10,4.783,4.55E+10,4.608,4.62E+10,4.433,4.69E+10,4.259,4.77E+10,4.085,4.84E+10,3.911,4.92E+10,3.739,5.00E+10,3.568,5.08E+10,3.397,5.16E+10,3.228,5.24E+10,3.083,5.31E+10,2.919,5.40E+10,2.757,5.48E+10,2.597,5.57E+10,2.439,5.65E+10,2.282,5.74E+10,2.127,5.83E+10,1.974,5.92E+10,1.823,6.02E+10,1.674,6.11E+10,1.526,6.20E+10,1.381,6.30E+10,1.237,6.40E+10,1.095,6.50E+10,9.54E-01,6.61E+10,8.16E-01,6.71E+10,6.79E-01,6.82E+10,5.45E-01,6.92E+10,4.11E-01,7.04E+10,2.80E-01,7.16E+10,1.50E-01,7.28E+10,2.22E-02,7.40E+10,-1.04E-01,7.52E+10,-2.29E-01,7.65E+10,-3.52E-01,7.78E+10,-4.74E-01,7.92E+10,-5.94E-01,8.06E+10,-7.13E-01,8.20E+10,-8.30E-01,8.35E+10,-9.46E-01,8.51E+10,-1.06,8.67E+10,-1.173,8.84E+10,-1.285,9.01E+10,-1.395,9.19E+10,-1.504,9.39E+10,-1.612,9.59E+10,-1.718,9.79E+10,-1.823,1.00E+11,-1.927, ,-2.03, ,-2.131, ,-2.232, ,-2.331, ,-2.429, ,-2.527, ,-2.623, ,-2.718, ,-2.812, ,-2.905, ,-2.997, ,-3.088, ,-3.179, ,-3.268, ,-3.356, ,-3.443, ,-3.53, ,-3.615, ,-3.7, ,-3.784, ,-3.867, ,-3.949, ,-4.031, ,-4.111, ,-4.191, ,-4.271, ,-4.349, ,-4.427, ,-4.504, ,-4.58, ,-4.656, ,-4.731, ,-4.806, ,-4.879, ,-4.952, ,-5.025, ,-5.097, ,-5.168, ,-5.238, ,-5.308, 
